Project:,Project145,,,,,,,,,,,,,
,,,,,,,,,,,,,,
Test:,60k_r1,,,,,,,,,,,,,
,,,,,,,,,,,,,,
Result:,Time Sweep,,,,,,,,,,,,,
,,,,,,,,,,,,,,
Interval and data points:,1,30,,,,,,,,,,,,
Interval data:,Point No.,Time,Test Time,Temperature,Storage Modulus,Loss Modulus,Loss Factor,Complex Viscosity,Shear Strain,Shear Stress,Gap,Normal Force,Torque,Status
,,,,,,,,,,,,,,
,,[s],[s],[°C],[Pa],[Pa],[1],[mPa·s],[%],[Pa],[mm],[N],[µN·m],
,1,1,8.49,26.11,11126,0.5563,5E-05,1.7708E+06,0.789,87.813,0.7,0.07,13.213,"ME-,WMa,taD,TruStrain™"
,2,2,9.49,26.1,230.24,342.17,1.49,65639,1,4.1245,0.7,0.07,0.62061,"MV-,WMa,TruStrain™"
,3,3,10.49,26.16,1063.1,13.772,0.013,1.6921E+05,1,10.632,0.7,0.08,1.5998,"MV-,WMa,TruStrain™"
,4,4,11.49,26.2,676.35,176.46,0.261,1.1125E+05,1,7.0003,0.7,0.08,1.0533,"WMa,TruStrain™"
,5,5,12.49,26.11,673.23,175.04,0.26,1.1071E+05,1,6.9803,0.7,0.08,1.0503,"WMa,TruStrain™"
,6,6,13.49,26.14,686.11,165.41,0.241,1.1233E+05,1,7.0881,0.7,0.08,1.0665,"WMa,TruStrain™"
,7,7,14.49,26.13,680.19,178.08,0.262,1.119E+05,1,7.0649,0.7,0.07,1.063,"WMa,TruStrain™"
,8,8,15.49,26.13,689.19,167.91,0.244,1.129E+05,1,7.1288,0.7,0.07,1.0727,"WMa,TruStrain™"
,9,9,16.49,26.12,679.54,174.64,0.257,1.1167E+05,1.01,7.0515,0.7,0.07,1.061,"WMa,TruStrain™"
,10,10,17.49,26.15,685.89,173.74,0.253,1.1261E+05,1.01,7.1113,0.7,0.07,1.07,"WMa,TruStrain™"
,11,11,18.49,26.19,689.95,172.2,0.25,1.1318E+05,1.01,7.147,0.7,0.07,1.0754,"WMa,TruStrain™"
,12,12,19.49,26.16,690.94,171.3,0.248,1.133E+05,1.01,7.1545,0.7,0.07,1.0765,"WMa,TruStrain™"
,13,13,20.49,26.18,691.92,167.37,0.242,1.133E+05,1.01,7.1546,0.7,0.07,1.0765,"WMa,TruStrain™"
,14,14,21.49,26.18,681.37,189.83,0.279,1.1257E+05,1.01,7.109,0.7,0.07,1.0697,"WMa,TruStrain™"
,15,15,22.49,26.12,723.18,151.99,0.21,1.1761E+05,1,7.4266,0.7,0.07,1.1175,"WMa,TruStrain™"
,16,16,23.49,26.12,663.45,197.11,0.297,1.1015E+05,1.01,6.9569,0.7,0.07,1.0468,"WMa,TruStrain™"
,17,17,24.49,26.15,729.24,155.56,0.213,1.1867E+05,1,7.4931,0.7,0.07,1.1275,"WMa,TruStrain™"
,18,18,25.49,26.16,670.32,184.53,0.275,1.1065E+05,1.01,6.9881,0.7,0.07,1.0515,"WMa,TruStrain™"
,19,19,26.49,26.15,699.58,170.64,0.244,1.1461E+05,1,7.2369,0.7,0.07,1.0889,"WMa,TruStrain™"
,20,20,27.49,26.1,697.4,172.79,0.248,1.1435E+05,1.01,7.2212,0.7,0.07,1.0866,"WMa,TruStrain™"
,21,21,28.49,26.23,702.86,171.1,0.243,1.1513E+05,1.01,7.2702,0.7,0.07,1.0939,"WMa,TruStrain™"
,22,22,29.49,26.22,703.49,174.27,0.248,1.1535E+05,1.01,7.2839,0.7,0.07,1.096,"WMa,TruStrain™"
,23,23,30.49,26.1,692.48,175.98,0.254,1.1371E+05,1.01,7.1809,0.7,0.07,1.0805,"WMa,TruStrain™"
,24,24,31.49,26.14,704.22,169.66,0.241,1.1529E+05,1.01,7.2802,0.7,0.07,1.0954,"WMa,TruStrain™"
,25,25,32.49,26.18,691.38,180.03,0.26,1.1371E+05,1.01,7.1805,0.7,0.07,1.0804,"WMa,TruStrain™"
,26,26,33.49,26.17,707.13,173.28,0.245,1.1587E+05,1.01,7.3172,0.7,0.07,1.101,"WMa,TruStrain™"
,27,27,34.49,26.14,719.03,169.5,0.236,1.1757E+05,1,7.4242,0.7,0.07,1.1171,"WMa,TruStrain™"
,28,28,35.49,26.1,702.02,174.93,0.249,1.1515E+05,1.01,7.2715,0.7,0.07,1.0941,"WMa,TruStrain™"
,29,29,36.49,26.18,696.97,180.09,0.258,1.1457E+05,1.01,7.235,0.7,0.07,1.0886,"WMa,TruStrain™"
,30,30,37.49,26.23,717.03,170.47,0.238,1.173E+05,1.01,7.4072,0.7,0.07,1.1146,"WMa,TruStrain™"
,,,,,,,,,,,,,,
Result:,Stress Relaxation,,,,,,,,,,,,,
,,,,,,,,,,,,,,
Interval and data points:,1,94,,,,,,,,,,,,
Interval data:,Point No.,Time,Test Time,Temperature,Storage Modulus,Loss Modulus,Loss Factor,Complex Viscosity,Shear Strain,Shear Stress,Gap,Normal Force,Torque,Status
,,,,,,,,,,,,,,
,,[s],[s],[°C],[Pa],[Pa],[1],[mPa·s],[%],[Pa],[mm],[N],[µN·m],
,1,0.5,47.17,26.18,,,,,10,61.52,0.7,0.07,9.2569,Dy_auto
,2,1.009,47.68,26.15,,,,,10,56.132,0.7,0.07,8.4461,Dy_auto
,3,1.527,48.2,26.15,,,,,10,52.158,0.7,0.07,7.8481,Dy_auto
,4,2.055,48.73,26.15,,,,,10,51.038,0.7,0.07,7.6796,Dy_auto
,5,2.592,49.26,26.16,,,,,10,49.885,0.7,0.07,7.5061,Dy_auto
,6,3.138,49.81,26.18,,,,,10,45.875,0.7,0.07,6.9027,Dy_auto
,7,3.694,50.36,26.17,,,,,10,47.95,0.7,0.07,7.215,Dy_auto
,8,4.26,50.93,26.15,,,,,10,46.873,0.7,0.07,7.053,Dy_auto
,9,4.836,51.51,26.13,,,,,10,47.91,0.7,0.07,7.209,Dy_auto
,10,5.423,52.09,26.12,,,,,10,49.038,0.7,0.07,7.3786,Dy_auto
,11,6.02,52.69,26.17,,,,,10,47.917,0.7,0.07,7.21,Dy_auto
,12,6.627,53.3,26.22,,,,,10,45.941,0.7,0.07,6.9127,Dy_auto
,13,7.246,53.92,26.2,,,,,10,44.469,0.7,0.07,6.6912,Dy_auto
,14,7.875,54.55,26.2,,,,,10,44.143,0.7,0.07,6.6421,Dy_auto
,15,8.516,55.19,26.16,,,,,10,44.484,0.7,0.07,6.6935,Dy_auto
,16,9.169,55.84,26.2,,,,,10,43.445,0.7,0.07,6.537,Dy_auto
,17,9.833,56.5,26.14,,,,,10,44.421,0.7,0.07,6.6839,Dy_auto
,18,10.508,57.18,26.14,,,,,10,43.433,0.7,0.07,6.5353,Dy_auto
,19,11.196,57.87,26.19,,,,,10,43.886,0.7,0.07,6.6034,Dy_auto
,20,11.897,58.57,26.14,,,,,10,45.439,0.7,0.07,6.8371,Dy_auto
,21,12.609,59.28,26.19,,,,,10,42.975,0.7,0.07,6.4664,Dy_auto
,22,13.335,60.01,26.14,,,,,10,43.174,0.7,0.07,6.4963,Dy_auto
,23,14.073,60.74,26.18,,,,,10,42.638,0.7,0.07,6.4157,Dy_auto
,24,14.825,61.5,26.19,,,,,10,41.732,0.7,0.07,6.2794,Dy_auto
,25,15.59,62.26,26.25,,,,,10,42.284,0.7,0.07,6.3625,Dy_auto
,26,16.369,63.04,26.13,,,,,10,41.357,0.7,0.07,6.2229,Dy_auto
,27,17.162,63.83,26.16,,,,,10,41.66,0.7,0.07,6.2686,Dy_auto
,28,17.969,64.64,26.25,,,,,10,42.155,0.7,0.07,6.343,Dy_auto
,29,18.79,65.46,26.24,,,,,10,39.641,0.7,0.07,5.9648,Dy_auto
,30,19.626,66.3,26.22,,,,,10,42.315,0.7,0.07,6.3671,Dy_auto
,31,20.477,67.15,26.19,,,,,10,42.508,0.7,0.07,6.3961,Dy_auto
,32,21.344,68.01,26.18,,,,,10,41.069,0.7,0.07,6.1796,Dy_auto
,33,22.225,68.9,26.18,,,,,10,40.868,0.7,0.07,6.1493,Dy_auto
,34,23.123,69.79,26.23,,,,,10,40.318,0.7,0.07,6.0666,Dy_auto
,35,24.036,70.71,26.13,,,,,10,41.063,0.7,0.07,6.1787,Dy_auto
,36,24.966,71.64,26.17,,,,,10,40.029,0.7,0.07,6.0231,Dy_auto
,37,25.913,72.58,26.18,,,,,10,41.043,0.7,0.07,6.1757,Dy_auto
,38,26.876,73.55,26.18,,,,,10,41.041,0.7,0.07,6.1753,Dy_auto
,39,27.857,74.53,26.17,,,,,10,38.914,0.7,0.07,5.8553,Dy_auto
,40,28.855,75.53,26.16,,,,,10,40.42,0.7,0.07,6.082,Dy_auto
,41,29.871,76.54,26.2,,,,,10,39.698,0.7,0.07,5.9733,Dy_auto
,42,30.905,77.58,26.19,,,,,10,40.005,0.7,0.07,6.0196,Dy_auto
,43,31.958,78.63,26.19,,,,,10,39.486,0.7,0.07,5.9413,Dy_auto
,44,33.03,79.7,26.19,,,,,10,39.92,0.7,0.07,6.0067,Dy_auto
,45,34.121,80.79,26.19,,,,,10,39.422,0.7,0.07,5.9318,Dy_auto
,46,35.231,81.9,26.15,,,,,10,40.142,0.7,0.07,6.0401,Dy_auto
,47,36.361,83.03,26.2,,,,,10,40.036,0.7,0.07,6.0242,Dy_auto
,48,37.511,84.18,26.24,,,,,10,38.974,0.7,0.07,5.8643,Dy_auto
,49,38.682,85.35,26.16,,,,,10,39.214,0.7,0.07,5.9004,Dy_auto
,50,39.874,86.54,26.14,,,,,10,38.892,0.7,0.07,5.852,Dy_auto
,51,41.087,87.76,26.21,,,,,10,39.408,0.7,0.07,5.9297,Dy_auto
,52,42.322,88.99,26.15,,,,,10,39.502,0.7,0.07,5.9438,Dy_auto
,53,43.579,90.25,26.21,,,,,10,39.735,0.7,0.07,5.9789,Dy_auto
,54,44.858,91.53,26.2,,,,,10,38.8,0.7,0.06,5.8382,Dy_auto
,55,46.161,92.83,26.19,,,,,10,38.835,0.7,0.06,5.8435,Dy_auto
,56,47.486,94.16,26.18,,,,,10,39.934,0.7,0.06,6.0088,Dy_auto
,57,48.836,95.51,26.23,,,,,10,39.422,0.7,0.06,5.9317,Dy_auto
,58,50.209,96.88,26.13,,,,,10,39.466,0.7,0.06,5.9384,Dy_auto
,59,51.607,98.28,26.23,,,,,10,39.166,0.7,0.06,5.8932,Dy_auto
,60,53.03,99.7,26.2,,,,,10,38.662,0.7,0.06,5.8174,Dy_auto
,61,54.478,101.1,26.18,,,,,10,39.179,0.7,0.06,5.8953,Dy_auto
,62,55.953,102.6,26.21,,,,,10,39.017,0.7,0.06,5.8708,Dy_auto
,63,57.454,104.1,26.2,,,,,10,38.57,0.7,0.06,5.8036,Dy_auto
,64,58.981,105.7,26.23,,,,,10,38.687,0.7,0.06,5.8212,Dy_auto
,65,60.536,107.2,26.22,,,,,10,38.917,0.7,0.06,5.8558,Dy_auto
,66,62.119,108.8,26.18,,,,,10,38.017,0.7,0.06,5.7204,Dy_auto
,67,63.73,110.4,26.21,,,,,10,37.205,0.7,0.06,5.5982,Dy_auto
,68,65.37,112,26.17,,,,,10,38.44,0.7,0.06,5.7839,Dy_auto
,69,67.039,113.7,26.22,,,,,10,38.392,0.7,0.06,5.7768,Dy_auto
,70,68.738,115.4,26.23,,,,,10,38.14,0.7,0.06,5.7388,Dy_auto
,71,70.467,117.1,26.22,,,,,10,37.496,0.7,0.06,5.642,Dy_auto
,72,72.228,118.9,26.2,,,,,10,38.196,0.7,0.06,5.7473,Dy_auto
,73,74.019,120.7,26.24,,,,,10,38.399,0.7,0.06,5.7779,Dy_auto
,74,75.843,122.5,26.22,,,,,10,37.826,0.7,0.06,5.6917,Dy_auto
,75,77.7,124.4,26.21,,,,,10,37.895,0.7,0.06,5.702,Dy_auto
,76,79.589,126.3,26.25,,,,,10,37.125,0.7,0.06,5.5861,Dy_auto
,77,81.513,128.2,26.21,,,,,10,37.492,0.7,0.06,5.6413,Dy_auto
,78,83.471,130.1,26.24,,,,,10,38.293,0.7,0.06,5.7618,Dy_auto
,79,85.464,132.1,26.2,,,,,10,37.214,0.7,0.06,5.5996,Dy_auto
,80,87.492,134.2,26.22,,,,,10,37.624,0.7,0.06,5.6613,Dy_auto
,81,89.557,136.2,26.25,,,,,10,38.283,0.7,0.06,5.7604,Dy_auto
,82,91.659,138.3,26.23,,,,,10,37.495,0.7,0.06,5.6418,Dy_auto
,83,93.798,140.5,26.23,,,,,10,37.671,0.7,0.06,5.6683,Dy_auto
,84,95.976,142.6,26.19,,,,,10,37.203,0.7,0.06,5.5979,Dy_auto
,85,98.193,144.9,26.22,,,,,10,37.574,0.7,0.06,5.6537,Dy_auto
,86,100.449,147.1,26.2,,,,,10,36.893,0.7,0.06,5.5513,Dy_auto
,87,102.745,149.4,26.21,,,,,10,37.432,0.7,0.06,5.6324,Dy_auto
,88,105.083,151.8,26.24,,,,,10,36.605,0.7,0.06,5.5079,Dy_auto
,89,107.462,154.1,26.19,,,,,10,37.689,0.7,0.06,5.671,Dy_auto
,90,109.884,156.6,26.23,,,,,10,37.04,0.7,0.06,5.5734,Dy_auto
,91,112.35,159,26.26,,,,,10,37.252,0.7,0.06,5.6053,Dy_auto
,92,114.859,161.5,26.23,,,,,10,36.851,0.7,0.06,5.5449,Dy_auto
,93,117.414,164.1,26.21,,,,,10,36.752,0.7,0.06,5.53,Dy_auto
,94,120.014,166.7,26.26,,,,,10,36.648,0.7,0.06,5.5143,Dy_auto
,,,,,,,,,,,,,,
Test:,60k_r3,,,,,,,,,,,,,
,,,,,,,,,,,,,,
Result:,Time Sweep,,,,,,,,,,,,,
,,,,,,,,,,,,,,
Interval and data points:,1,10,,,,,,,,,,,,
Interval data:,Point No.,Time,Test Time,Temperature,Storage Modulus,Loss Modulus,Loss Factor,Complex Viscosity,Shear Strain,Shear Stress,Gap,Normal Force,Torque,Status
,,,,,,,,,,,,,,
,,[s],[s],[°C],[Pa],[Pa],[1],[mPa·s],[%],[Pa],[mm],[N],[µN·m],
,1,1,8.203,26.76,13354,0.6677,5E-05,2.1254E+06,0.789,105.39,0.85,0.1,15.858,"ME-,WMa,taD,TruStrain™"
,2,2,9.203,26.76,434.72,297.58,0.685,83845,1,5.2686,0.85,0.1,0.79275,"MV-,WMa,TruStrain™"
,3,3,10.2,26.71,1241,37.009,0.0298,1.976E+05,1,12.416,0.85,0.1,1.8682,"MV-,WMa,TruStrain™"
,4,4,11.2,26.8,870.22,130.22,0.15,1.4004E+05,1,8.8122,0.85,0.1,1.326,"WMa,TruStrain™"
,5,5,12.2,26.81,846.67,133.28,0.157,1.3641E+05,1,8.6006,0.85,0.1,1.2941,"WMa,TruStrain™"
,6,6,13.2,26.67,858.46,128.49,0.15,1.3815E+05,1,8.7177,0.85,0.1,1.3117,"WMa,TruStrain™"
,7,7,14.2,26.76,845.05,131.48,0.156,1.3611E+05,1,8.5932,0.85,0.1,1.293,"WMa,TruStrain™"
,8,8,15.2,26.76,845.23,135.34,0.16,1.3624E+05,1,8.6026,0.85,0.1,1.2944,"WMa,TruStrain™"
,9,9,16.2,26.8,846.39,132.92,0.157,1.3636E+05,1.01,8.6107,0.85,0.1,1.2956,"WMa,TruStrain™"
,10,10,17.2,26.71,852.74,132.37,0.155,1.3734E+05,1.01,8.673,0.85,0.1,1.305,"WMa,TruStrain™"
,,,,,,,,,,,,,,
Result:,Stress Relaxation,,,,,,,,,,,,,
,,,,,,,,,,,,,,
Interval and data points:,1,65,,,,,,,,,,,,
Interval data:,Point No.,Time,Test Time,Temperature,Storage Modulus,Loss Modulus,Loss Factor,Complex Viscosity,Shear Strain,Shear Stress,Gap,Normal Force,Torque,Status
,,,,,,,,,,,,,,
,,[s],[s],[°C],[Pa],[Pa],[1],[mPa·s],[%],[Pa],[mm],[N],[µN·m],
,1,0.5,27.11,26.74,,,,,10,74.783,0.85,0.1,11.253,Dy_auto
,2,1.009,27.62,26.75,,,,,10,70.958,0.85,0.1,10.677,Dy_auto
,3,1.527,28.13,26.75,,,,,10,73.108,0.85,0.1,11,Dy_auto
,4,2.055,28.66,26.76,,,,,10,74.028,0.85,0.1,11.139,Dy_auto
,5,2.592,29.2,26.76,,,,,10,67.232,0.85,0.1,10.116,Dy_auto
,6,3.138,29.74,26.75,,,,,10,69.456,0.85,0.1,10.451,Dy_auto
,7,3.694,30.3,26.86,,,,,10,66.842,0.85,0.1,10.058,Dy_auto
,8,4.26,30.87,26.73,,,,,10,68.276,0.85,0.1,10.273,Dy_auto
,9,4.836,31.44,26.71,,,,,10,67.508,0.85,0.1,10.158,Dy_auto
,10,5.423,32.03,26.76,,,,,10,69.485,0.85,0.1,10.455,Dy_auto
,11,6.02,32.63,26.78,,,,,10,66.497,0.85,0.1,10.006,Dy_auto
,12,6.627,33.23,26.74,,,,,10,67.747,0.85,0.1,10.194,Dy_auto
,13,7.246,33.85,26.76,,,,,10,66.543,0.85,0.1,10.013,Dy_auto
,14,7.876,34.48,26.72,,,,,10,64.021,0.85,0.1,9.6332,Dy_auto
,15,8.516,35.12,26.75,,,,,10,67.289,0.85,0.1,10.125,Dy_auto
,16,9.169,35.78,26.78,,,,,10,66.054,0.85,0.1,9.9391,Dy_auto
,17,9.833,36.44,26.75,,,,,10,65.006,0.85,0.1,9.7813,Dy_auto
,18,10.509,37.12,26.8,,,,,10,64.903,0.85,0.1,9.7658,Dy_auto
,19,11.197,37.8,26.69,,,,,10,65.185,0.85,0.1,9.8082,Dy_auto
,20,11.897,38.5,26.74,,,,,10,64.689,0.85,0.1,9.7337,Dy_auto
,21,12.61,39.22,26.84,,,,,10,64.458,0.85,0.1,9.699,Dy_auto
,22,13.335,39.94,26.81,,,,,10,64.101,0.85,0.1,9.6452,Dy_auto
,23,14.074,40.68,26.79,,,,,10,64.365,0.85,0.1,9.6849,Dy_auto
,24,14.825,41.43,26.72,,,,,10,65.491,0.85,0.1,9.8544,Dy_auto
,25,15.59,42.2,26.7,,,,,10,65.142,0.85,0.1,9.8019,Dy_auto
,26,16.369,42.98,26.77,,,,,10,63.426,0.85,0.1,9.5436,Dy_auto
,27,17.162,43.77,26.77,,,,,10,64.236,0.85,0.1,9.6656,Dy_auto
,28,17.969,44.58,26.81,,,,,10,64.593,0.85,0.1,9.7192,Dy_auto
,29,18.79,45.4,26.67,,,,,10,63.237,0.85,0.1,9.5151,Dy_auto
,30,19.627,46.23,26.75,,,,,10,64.881,0.85,0.1,9.7625,Dy_auto
,31,20.478,47.08,26.76,,,,,10,64.271,0.85,0.1,9.6708,Dy_auto
,32,21.344,47.95,26.79,,,,,10,64.311,0.85,0.1,9.6767,Dy_auto
,33,22.226,48.83,26.72,,,,,10,62.156,0.85,0.09,9.3525,Dy_auto
,34,23.123,49.73,26.7,,,,,10,63.537,0.85,0.09,9.5603,Dy_auto
,35,24.037,50.64,26.79,,,,,10,61.742,0.85,0.09,9.2902,Dy_auto
,36,24.967,51.57,26.77,,,,,10,62.068,0.85,0.09,9.3393,Dy_auto
,37,25.913,52.52,26.73,,,,,10,63.622,0.85,0.09,9.5731,Dy_auto
,38,26.877,53.48,26.75,,,,,10,63.15,0.85,0.09,9.5022,Dy_auto
,39,27.857,54.46,26.81,,,,,10,63.62,0.85,0.09,9.5728,Dy_auto
,40,28.856,55.46,26.79,,,,,10,62.759,0.85,0.09,9.4433,Dy_auto
,41,29.872,56.48,26.72,,,,,10,64.619,0.85,0.09,9.7232,Dy_auto
,42,30.906,57.51,26.72,,,,,10,62.724,0.85,0.09,9.438,Dy_auto
,43,31.959,58.57,26.78,,,,,10,62.659,0.85,0.09,9.4283,Dy_auto
,44,33.031,59.64,26.82,,,,,10,61.541,0.85,0.09,9.26,Dy_auto
,45,34.121,60.73,26.69,,,,,10,61.798,0.85,0.09,9.2986,Dy_auto
,46,35.232,61.84,26.81,,,,,10,62.074,0.85,0.09,9.3402,Dy_auto
,47,36.362,62.97,26.81,,,,,10,62.079,0.85,0.09,9.3409,Dy_auto
,48,37.512,64.12,26.74,,,,,10,61.186,0.85,0.09,9.2065,Dy_auto
,49,38.683,65.29,26.79,,,,,10,63.903,0.85,0.09,9.6154,Dy_auto
,50,39.875,66.48,26.77,,,,,10,62.618,0.85,0.09,9.4221,Dy_auto
,51,41.088,67.69,26.74,,,,,10,63.451,0.85,0.09,9.5474,Dy_auto
,52,42.323,68.93,26.76,,,,,10,62.208,0.85,0.09,9.3603,Dy_auto
,53,43.58,70.19,26.82,,,,,10,62.298,0.85,0.09,9.3739,Dy_auto
,54,44.86,71.47,26.72,,,,,10,62.26,0.85,0.09,9.3682,Dy_auto
,55,46.162,72.77,26.79,,,,,10,62.788,0.85,0.09,9.4476,Dy_auto
,56,47.488,74.09,26.8,,,,,10,60.663,0.85,0.09,9.1279,Dy_auto
,57,48.837,75.44,26.75,,,,,10,61.713,0.85,0.09,9.2859,Dy_auto
,58,50.211,76.82,26.8,,,,,10,62.214,0.85,0.09,9.3612,Dy_auto
,59,51.609,78.22,26.78,,,,,10,62.345,0.85,0.09,9.3809,Dy_auto
,60,53.032,79.64,26.73,,,,,10,61.727,0.85,0.09,9.2879,Dy_auto
,61,54.48,81.09,26.8,,,,,10,61.605,0.85,0.09,9.2696,Dy_auto
,62,55.955,82.56,26.75,,,,,10,62.053,0.85,0.09,9.337,Dy_auto
,63,57.456,84.06,26.79,,,,,10,61.816,0.85,0.09,9.3014,Dy_auto
,64,58.983,85.59,26.81,,,,,10,60.848,0.85,0.09,9.1557,Dy_auto
,65,60.538,87.14,26.76,,,,,10,59.882,0.85,0.09,9.0104,Dy_auto
,,,,,,,,,,,,,,
Test:,60k_r4,,,,,,,,,,,,,
,,,,,,,,,,,,,,
Result:,Time Sweep,,,,,,,,,,,,,
,,,,,,,,,,,,,,
Interval and data points:,1,10,,,,,,,,,,,,
Interval data:,Point No.,Time,Test Time,Temperature,Storage Modulus,Loss Modulus,Loss Factor,Complex Viscosity,Shear Strain,Shear Stress,Gap,Normal Force,Torque,Status
,,,,,,,,,,,,,,
,,[s],[s],[°C],[Pa],[Pa],[1],[mPa·s],[%],[Pa],[mm],[N],[µN·m],
,1,1,8.294,26.95,0.553,11060,2E+04,1.7602E+06,0.789,87.288,0.7,0.17,13.134,"ME-,WMa,taD,TruStrain™"
,2,2,9.294,26.88,483.88,314.66,0.65,91863,1,5.7724,0.7,0.17,0.86856,"MV-,WMa,TruStrain™"
,3,3,10.29,26.96,1197.2,10.061,0.0084,1.9055E+05,1,11.973,0.7,0.17,1.8016,"WMa,TruStrain™"
,4,4,11.29,27,875.4,155.91,0.178,1.4152E+05,1,8.9052,0.7,0.17,1.3399,"WMa,TruStrain™"
,5,5,12.29,26.87,848.6,173.27,0.204,1.3784E+05,1,8.6911,0.7,0.17,1.3077,"WMa,TruStrain™"
,6,6,13.29,26.94,861.41,153.04,0.178,1.3924E+05,1,8.7868,0.7,0.17,1.3221,"WMa,TruStrain™"
,7,7,14.29,26.95,861.94,156.09,0.181,1.3941E+05,1,8.8015,0.7,0.17,1.3243,"WMa,TruStrain™"
,8,8,15.29,26.95,866.97,152.79,0.176,1.4011E+05,1,8.8471,0.7,0.17,1.3312,"WMa,TruStrain™"
,9,9,16.29,26.89,847.6,156.97,0.185,1.3719E+05,1.01,8.6636,0.7,0.17,1.3036,"WMa,TruStrain™"
,10,10,17.29,26.95,851.4,164.57,0.193,1.3801E+05,1.01,8.7155,0.7,0.17,1.3114,"WMa,TruStrain™"
,,,,,,,,,,,,,,
Result:,Stress Relaxation,,,,,,,,,,,,,
,,,,,,,,,,,,,,
Interval and data points:,1,65,,,,,,,,,,,,
Interval data:,Point No.,Time,Test Time,Temperature,Storage Modulus,Loss Modulus,Loss Factor,Complex Viscosity,Shear Strain,Shear Stress,Gap,Normal Force,Torque,Status
,,,,,,,,,,,,,,
,,[s],[s],[°C],[Pa],[Pa],[1],[mPa·s],[%],[Pa],[mm],[N],[µN·m],
,1,0.5,26.75,26.96,,,,,10,85.465,0.7,0.17,12.86,Dy_auto
,2,1.009,27.26,26.91,,,,,10,76.544,0.7,0.17,11.518,Dy_auto
,3,1.527,27.78,26.93,,,,,10,74.753,0.7,0.17,11.248,Dy_auto
,4,2.055,28.31,27.01,,,,,10,73.68,0.7,0.17,11.087,Dy_auto
,5,2.592,28.84,26.93,,,,,10,69.951,0.7,0.17,10.526,Dy_auto
,6,3.138,29.39,27.01,,,,,10,71.588,0.7,0.17,10.772,Dy_auto
,7,3.694,29.94,26.92,,,,,10,70.649,0.7,0.17,10.63,Dy_auto
,8,4.26,30.51,26.9,,,,,10,70.657,0.7,0.17,10.632,Dy_auto
,9,4.836,31.09,26.94,,,,,10,66.811,0.7,0.17,10.053,Dy_auto
,10,5.423,31.67,26.95,,,,,10,70.045,0.7,0.17,10.54,Dy_auto
,11,6.02,32.27,26.93,,,,,10,69.459,0.7,0.17,10.451,Dy_auto
,12,6.627,32.88,27,,,,,10,67.362,0.7,0.17,10.136,Dy_auto
,13,7.246,33.5,26.9,,,,,10,67.227,0.7,0.17,10.116,Dy_auto
,14,7.876,34.13,26.88,,,,,10,64.43,0.7,0.17,9.6947,Dy_auto
,15,8.516,34.77,26.92,,,,,10,65.696,0.7,0.17,9.8852,Dy_auto
,16,9.169,35.42,26.92,,,,,10,64.627,0.7,0.17,9.7244,Dy_auto
,17,9.833,36.08,26.99,,,,,10,67.814,0.7,0.17,10.204,Dy_auto
,18,10.509,36.76,26.97,,,,,10,64.526,0.7,0.17,9.7092,Dy_auto
,19,11.197,37.45,26.94,,,,,10,66.751,0.7,0.17,10.044,Dy_auto
,20,11.897,38.15,26.95,,,,,10,65.367,0.7,0.17,9.8357,Dy_auto
,21,12.61,38.86,26.97,,,,,10,65.203,0.7,0.17,9.811,Dy_auto
,22,13.335,39.59,26.97,,,,,10,63.998,0.7,0.17,9.6296,Dy_auto
,23,14.074,40.32,26.99,,,,,10,66.649,0.7,0.17,10.029,Dy_auto
,24,14.825,41.08,26.92,,,,,10,65.168,0.7,0.17,9.8057,Dy_auto
,25,15.59,41.84,26.92,,,,,10,64.33,0.7,0.17,9.6796,Dy_auto
,26,16.369,42.62,26.96,,,,,10,63.351,0.7,0.17,9.5323,Dy_auto
,27,17.162,43.41,27.01,,,,,10,63.761,0.7,0.17,9.594,Dy_auto
,28,17.969,44.22,26.91,,,,,10,64.15,0.7,0.17,9.6526,Dy_auto
,29,18.79,45.04,26.92,,,,,10,64.364,0.7,0.17,9.6848,Dy_auto
,30,19.627,45.88,26.96,,,,,10,63.477,0.7,0.17,9.5513,Dy_auto
,31,20.478,46.73,27.03,,,,,10,62.273,0.7,0.17,9.3702,Dy_auto
,32,21.344,47.59,26.93,,,,,10,62.823,0.7,0.17,9.4529,Dy_auto
,33,22.226,48.48,26.94,,,,,10,62.236,0.7,0.17,9.3646,Dy_auto
,34,23.123,49.37,26.96,,,,,10,62.459,0.7,0.17,9.3981,Dy_auto
,35,24.037,50.29,26.99,,,,,10,62.581,0.7,0.17,9.4165,Dy_auto
,36,24.967,51.22,26.92,,,,,10,61.718,0.7,0.17,9.2867,Dy_auto
,37,25.913,52.16,26.94,,,,,10,62.269,0.7,0.17,9.3695,Dy_auto
,38,26.877,53.13,26.97,,,,,10,62.845,0.7,0.17,9.4562,Dy_auto
,39,27.857,54.11,26.97,,,,,10,63.276,0.7,0.17,9.521,Dy_auto
,40,28.856,55.11,26.91,,,,,10,62.219,0.7,0.17,9.3621,Dy_auto
,41,29.872,56.12,26.94,,,,,10,63.864,0.7,0.17,9.6095,Dy_auto
,42,30.906,57.16,26.95,,,,,10,61.865,0.7,0.17,9.3088,Dy_auto
,43,31.959,58.21,26.95,,,,,10,64.114,0.7,0.17,9.6472,Dy_auto
,44,33.031,59.28,26.94,,,,,10,61.146,0.7,0.17,9.2006,Dy_auto
,45,34.121,60.37,26.95,,,,,10,60.984,0.7,0.17,9.1762,Dy_auto
,46,35.232,61.48,26.97,,,,,10,61.856,0.7,0.17,9.3074,Dy_auto
,47,36.362,62.61,26.96,,,,,10,61.192,0.7,0.17,9.2075,Dy_auto
,48,37.512,63.76,26.89,,,,,10,61.646,0.7,0.17,9.2758,Dy_auto
,49,38.683,64.93,26.95,,,,,10,61.719,0.7,0.17,9.2868,Dy_auto
,50,39.875,66.13,26.93,,,,,10,62.821,0.7,0.17,9.4527,Dy_auto
,51,41.088,67.34,26.94,,,,,10,61.159,0.7,0.17,9.2025,Dy_auto
,52,42.323,68.57,26.97,,,,,10,61.63,0.7,0.17,9.2733,Dy_auto
,53,43.58,69.83,26.91,,,,,10,60.105,0.7,0.17,9.0439,Dy_auto
,54,44.86,71.11,26.96,,,,,10,60.567,0.7,0.17,9.1134,Dy_auto
,55,46.162,72.41,26.99,,,,,10,60.585,0.7,0.17,9.1161,Dy_auto
,56,47.488,73.74,27,,,,,10,61.603,0.7,0.17,9.2693,Dy_auto
,57,48.837,75.09,26.93,,,,,10,61.545,0.7,0.17,9.2606,Dy_auto
,58,50.211,76.46,26.96,,,,,10,60.091,0.7,0.17,9.0418,Dy_auto
,59,51.609,77.86,26.91,,,,,10,61.065,0.7,0.17,9.1884,Dy_auto
,60,53.032,79.28,26.98,,,,,10,60.591,0.7,0.17,9.1171,Dy_auto
,61,54.48,80.73,26.94,,,,,10,60.469,0.7,0.17,9.0986,Dy_auto
,62,55.955,82.21,26.95,,,,,10,61.883,0.7,0.17,9.3115,Dy_auto
,63,57.456,83.71,26.99,,,,,10,60.372,0.7,0.17,9.0841,Dy_auto
,64,58.983,85.23,26.92,,,,,10,60.734,0.7,0.17,9.1386,Dy_auto
,65,60.538,86.79,26.97,,,,,10,59.988,0.7,0.17,9.0263,Dy_auto
,,,,,,,,,,,,,,
Test:,40k_r1,,,,,,,,,,,,,
,,,,,,,,,,,,,,
Result:,Time Sweep,,,,,,,,,,,,,
,,,,,,,,,,,,,,
Interval and data points:,1,10,,,,,,,,,,,,
Interval data:,Point No.,Time,Test Time,Temperature,Storage Modulus,Loss Modulus,Loss Factor,Complex Viscosity,Shear Strain,Shear Stress,Gap,Normal Force,Torque,Status
,,,,,,,,,,,,,,
,,[s],[s],[°C],[Pa],[Pa],[1],[mPa·s],[%],[Pa],[mm],[N],[µN·m],
,1,1,7.903,27.12,0.56925,11385,2E+04,1.812E+06,0.789,89.854,0.75,0.12,13.52,"ME-,WMa,taD,TruStrain™"
,2,2,8.903,27.09,528.42,345.86,0.655,1.0051E+05,1,6.3159,0.75,0.12,0.95035,"MV-,WMa,TruStrain™"
,3,3,9.903,27.11,1348.7,8.1683,0.00606,2.1466E+05,1,13.488,0.75,0.12,2.0295,"MV-,WMa,TruStrain™"
,4,4,10.9,27.07,1001,143.15,0.143,1.6094E+05,1,10.127,0.75,0.12,1.5238,"WMa,TruStrain™"
,5,5,11.9,27.17,985.45,153.25,0.156,1.5872E+05,1,10.007,0.75,0.12,1.5058,"WMa,TruStrain™"
,6,6,12.9,27.1,989.03,148.64,0.15,1.5918E+05,1,10.045,0.75,0.12,1.5114,"WMa,TruStrain™"
,7,7,13.9,27.11,993.46,144.71,0.146,1.5978E+05,1,10.087,0.75,0.12,1.5178,"WMa,TruStrain™"
,8,8,14.9,27.12,994.06,142.33,0.143,1.5982E+05,1,10.092,0.75,0.12,1.5185,"WMa,TruStrain™"
,9,9,15.9,27.15,996.96,140.36,0.141,1.6024E+05,1.01,10.119,0.75,0.12,1.5225,"WMa,TruStrain™"
,10,10,16.9,27.1,988.59,142.88,0.145,1.5897E+05,1.01,10.039,0.75,0.12,1.5106,"WMa,TruStrain™"
,,,,,,,,,,,,,,
Result:,Stress Relaxation,,,,,,,,,,,,,
,,,,,,,,,,,,,,
Interval and data points:,1,65,,,,,,,,,,,,
Interval data:,Point No.,Time,Test Time,Temperature,Storage Modulus,Loss Modulus,Loss Factor,Complex Viscosity,Shear Strain,Shear Stress,Gap,Normal Force,Torque,Status
,,,,,,,,,,,,,,
,,[s],[s],[°C],[Pa],[Pa],[1],[mPa·s],[%],[Pa],[mm],[N],[µN·m],
,1,0.5,26.43,27.08,,,,,10,97.789,0.75,0.12,14.714,Dy_auto
,2,1.009,26.94,27.09,,,,,10,89.295,0.75,0.12,13.436,Dy_auto
,3,1.527,27.45,27.1,,,,,10,86.118,0.75,0.11,12.958,Dy_auto
,4,2.055,27.98,27.15,,,,,10,86.775,0.75,0.12,13.057,Dy_auto
,5,2.592,28.52,27.12,,,,,10,85.399,0.75,0.12,12.85,Dy_auto
,6,3.138,29.07,27.13,,,,,10,88.16,0.75,0.12,13.265,Dy_auto
,7,3.694,29.62,27.22,,,,,10,82.115,0.75,0.12,12.356,Dy_auto
,8,4.26,30.19,27.1,,,,,10,82.596,0.75,0.12,12.428,Dy_auto
,9,4.836,30.76,27.04,,,,,10,83.027,0.75,0.12,12.493,Dy_auto
,10,5.423,31.35,27.11,,,,,10,84.607,0.75,0.12,12.731,Dy_auto
,11,6.02,31.95,27.12,,,,,10,85.075,0.75,0.12,12.801,Dy_auto
,12,6.627,32.55,27.11,,,,,10,80.403,0.75,0.12,12.098,Dy_auto
,13,7.246,33.17,27.18,,,,,10,83.324,0.75,0.12,12.538,Dy_auto
,14,7.876,33.8,27.12,,,,,10,81.916,0.75,0.12,12.326,Dy_auto
,15,8.516,34.44,27.12,,,,,10,83.185,0.75,0.12,12.517,Dy_auto
,16,9.169,35.1,27.1,,,,,10,82.974,0.75,0.12,12.485,Dy_auto
,17,9.833,35.76,27.13,,,,,10,81.876,0.75,0.12,12.32,Dy_auto
,18,10.509,36.44,27.15,,,,,10,80.6,0.75,0.12,12.128,Dy_auto
,19,11.197,37.12,27.15,,,,,10,80.865,0.75,0.11,12.168,Dy_auto
,20,11.897,37.82,27.19,,,,,10,78.264,0.75,0.11,11.776,Dy_auto
,21,12.61,38.54,27.14,,,,,10,80.264,0.75,0.11,12.077,Dy_auto
,22,13.335,39.26,27.13,,,,,10,79.045,0.75,0.11,11.894,Dy_auto
,23,14.074,40,27.13,,,,,10,81.108,0.75,0.11,12.204,Dy_auto
,24,14.825,40.75,27.1,,,,,10,78.591,0.75,0.11,11.825,Dy_auto
,25,15.59,41.52,27.09,,,,,10,78.333,0.75,0.11,11.787,Dy_auto
,26,16.369,42.3,27.11,,,,,10,77.963,0.75,0.11,11.731,Dy_auto
,27,17.162,43.09,27.14,,,,,10,77.187,0.75,0.11,11.614,Dy_auto
,28,17.969,43.9,27.16,,,,,10,76.82,0.75,0.11,11.559,Dy_auto
,29,18.79,44.72,27.13,,,,,10,79.038,0.75,0.11,11.893,Dy_auto
,30,19.627,45.55,27.15,,,,,10,77.747,0.75,0.11,11.699,Dy_auto
,31,20.478,46.41,27.13,,,,,10,76.509,0.75,0.11,11.512,Dy_auto
,32,21.344,47.27,27.15,,,,,10,77.246,0.75,0.11,11.623,Dy_auto
,33,22.226,48.15,27.11,,,,,10,76.057,0.75,0.11,11.444,Dy_auto
,34,23.123,49.05,27.05,,,,,10,77.904,0.75,0.11,11.722,Dy_auto
,35,24.037,49.96,27.12,,,,,10,77.749,0.75,0.11,11.699,Dy_auto
,36,24.967,50.89,27.14,,,,,10,76.136,0.75,0.11,11.456,Dy_auto
,37,25.913,51.84,27.17,,,,,10,76.935,0.75,0.11,11.576,Dy_auto
,38,26.877,52.8,27.18,,,,,10,77.799,0.75,0.11,11.706,Dy_auto
,39,27.857,53.78,27.13,,,,,10,77.198,0.75,0.11,11.616,Dy_auto
,40,28.856,54.78,27.16,,,,,10,76.189,0.75,0.11,11.464,Dy_auto
,41,29.872,55.8,27.12,,,,,10,77.038,0.75,0.11,11.592,Dy_auto
,42,30.906,56.83,27.07,,,,,10,76.016,0.75,0.11,11.438,Dy_auto
,43,31.959,57.89,27.11,,,,,10,76.541,0.75,0.11,11.517,Dy_auto
,44,33.031,58.96,27.15,,,,,10,75.543,0.75,0.11,11.367,Dy_auto
,45,34.121,60.05,27.15,,,,,10,75.913,0.75,0.11,11.423,Dy_auto
,46,35.232,61.16,27.07,,,,,10,74.552,0.75,0.11,11.218,Dy_auto
,47,36.362,62.29,27.12,,,,,10,75.015,0.75,0.11,11.287,Dy_auto
,48,37.512,63.44,27.13,,,,,10,74.832,0.75,0.11,11.26,Dy_auto
,49,38.683,64.61,27.11,,,,,10,74.471,0.75,0.11,11.206,Dy_auto
,50,39.875,65.8,27.13,,,,,10,75.803,0.75,0.11,11.406,Dy_auto
,51,41.088,67.02,27.13,,,,,10,74.675,0.75,0.11,11.236,Dy_auto
,52,42.323,68.25,27.1,,,,,10,75.792,0.75,0.11,11.404,Dy_auto
,53,43.58,69.51,27.12,,,,,10,76.033,0.75,0.11,11.441,Dy_auto
,54,44.86,70.79,27.17,,,,,10,77.196,0.75,0.11,11.616,Dy_auto
,55,46.162,72.09,27.07,,,,,10,75.537,0.75,0.11,11.366,Dy_auto
,56,47.488,73.42,27.12,,,,,10,74.826,0.75,0.11,11.259,Dy_auto
,57,48.837,74.76,27.08,,,,,10,75.575,0.75,0.11,11.372,Dy_auto
,58,50.211,76.14,27.15,,,,,10,73.774,0.75,0.11,11.101,Dy_auto
,59,51.609,77.54,27.15,,,,,10,76.337,0.75,0.11,11.486,Dy_auto
,60,53.032,78.96,27.12,,,,,10,74.585,0.75,0.11,11.223,Dy_auto
,61,54.48,80.41,27.14,,,,,10,74.108,0.75,0.11,11.151,Dy_auto
,62,55.955,81.88,27.15,,,,,10,73.273,0.75,0.11,11.025,Dy_auto
,63,57.456,83.38,27.09,,,,,10,74.788,0.75,0.11,11.253,Dy_auto
,64,58.983,84.91,27.16,,,,,10,74.365,0.75,0.11,11.19,Dy_auto
,65,60.538,86.47,27.09,,,,,10,74.093,0.75,0.11,11.149,Dy_auto
,,,,,,,,,,,,,,
Test:,40k_r2,,,,,,,,,,,,,
,,,,,,,,,,,,,,
Result:,Time Sweep,,,,,,,,,,,,,
,,,,,,,,,,,,,,
Interval and data points:,1,10,,,,,,,,,,,,
Interval data:,Point No.,Time,Test Time,Temperature,Storage Modulus,Loss Modulus,Loss Factor,Complex Viscosity,Shear Strain,Shear Stress,Gap,Normal Force,Torque,Status
,,,,,,,,,,,,,,
,,[s],[s],[°C],[Pa],[Pa],[1],[mPa·s],[%],[Pa],[mm],[N],[µN·m],
,1,1,7.448,27.24,0.64344,12869,2E+04,2.0481E+06,0.789,101.56,0.85,0.07,15.282,"ME-,WMa,taD,TruStrain™"
,2,2,8.448,27.2,553.35,319.01,0.577,1.0166E+05,1,6.3877,0.85,0.07,0.96115,"MV-,WMa,TruStrain™"
,3,3,9.448,27.27,1486.4,72.99,0.0491,2.3686E+05,1,14.883,0.85,0.07,2.2394,"MV-,WMa,TruStrain™"
,4,4,10.45,27.3,1074.7,136.18,0.127,1.7241E+05,1,10.849,0.85,0.07,1.6325,"WMa,TruStrain™"
,5,5,11.45,27.2,1084.6,133.44,0.123,1.7392E+05,1,10.966,0.85,0.07,1.65,"WMa,TruStrain™"
,6,6,12.45,27.23,1055,145.56,0.138,1.695E+05,1,10.696,0.85,0.07,1.6095,"WMa,TruStrain™"
,7,7,13.45,27.23,1065.4,140.11,0.132,1.7102E+05,1,10.797,0.85,0.07,1.6247,"WMa,TruStrain™"
,8,8,14.45,27.18,1060.7,140.6,0.133,1.703E+05,1,10.753,0.85,0.07,1.618,"WMa,TruStrain™"
,9,9,15.45,27.25,1069.5,139.6,0.131,1.7166E+05,1.01,10.84,0.85,0.07,1.631,"WMa,TruStrain™"
,10,10,16.45,27.2,1073.5,139.18,0.13,1.7229E+05,1.01,10.88,0.85,0.07,1.6371,"WMa,TruStrain™"
,,,,,,,,,,,,,,
Result:,Stress Relaxation,,,,,,,,,,,,,
,,,,,,,,,,,,,,
Interval and data points:,1,65,,,,,,,,,,,,
Interval data:,Point No.,Time,Test Time,Temperature,Storage Modulus,Loss Modulus,Loss Factor,Complex Viscosity,Shear Strain,Shear Stress,Gap,Normal Force,Torque,Status
,,,,,,,,,,,,,,
,,[s],[s],[°C],[Pa],[Pa],[1],[mPa·s],[%],[Pa],[mm],[N],[µN·m],
,1,0.5,26.8,27.21,,,,,10,105.61,0.85,0.07,15.891,Dy_auto
,2,1.009,27.31,27.22,,,,,10,103.86,0.85,0.07,15.627,Dy_auto
,3,1.527,27.83,27.24,,,,,10,100.15,0.85,0.07,15.069,Dy_auto
,4,2.055,28.35,27.22,,,,,10,95.517,0.85,0.07,14.372,Dy_auto
,5,2.592,28.89,27.13,,,,,10,92.294,0.85,0.07,13.887,Dy_auto
,6,3.138,29.44,27.24,,,,,10,95.488,0.85,0.07,14.368,Dy_auto
,7,3.694,29.99,27.29,,,,,10,91.965,0.85,0.07,13.838,Dy_auto
,8,4.26,30.56,27.25,,,,,10,93.566,0.85,0.07,14.079,Dy_auto
,9,4.836,31.13,27.33,,,,,10,93.857,0.85,0.07,14.122,Dy_auto
,10,5.423,31.72,27.23,,,,,10,95.75,0.85,0.07,14.407,Dy_auto
,11,6.02,32.32,27.19,,,,,10,94.212,0.85,0.07,14.176,Dy_auto
,12,6.627,32.93,27.23,,,,,10,91.37,0.85,0.07,13.748,Dy_auto
,13,7.246,33.54,27.28,,,,,10,93.173,0.85,0.07,14.02,Dy_auto
,14,7.876,34.17,27.23,,,,,10,90.451,0.85,0.07,13.61,Dy_auto
,15,8.516,34.81,27.23,,,,,10,92.961,0.85,0.07,13.988,Dy_auto
,16,9.169,35.47,27.22,,,,,10,91.997,0.85,0.07,13.843,Dy_auto
,17,9.833,36.13,27.2,,,,,10,91.331,0.85,0.07,13.742,Dy_auto
,18,10.509,36.81,27.25,,,,,10,94.427,0.85,0.07,14.208,Dy_auto
,19,11.197,37.5,27.24,,,,,10,86.817,0.85,0.07,13.063,Dy_auto
,20,11.897,38.2,27.32,,,,,10,92.064,0.85,0.07,13.853,Dy_auto
,21,12.61,38.91,27.31,,,,,10,89.465,0.85,0.07,13.462,Dy_auto
,22,13.335,39.63,27.22,,,,,10,88.148,0.85,0.07,13.264,Dy_auto
,23,14.074,40.37,27.25,,,,,10,88.792,0.85,0.07,13.36,Dy_auto
,24,14.825,41.12,27.26,,,,,10,87.49,0.85,0.07,13.164,Dy_auto
,25,15.59,41.89,27.3,,,,,10,88.948,0.85,0.07,13.384,Dy_auto
,26,16.369,42.67,27.2,,,,,10,88.417,0.85,0.07,13.304,Dy_auto
,27,17.162,43.46,27.24,,,,,10,90.009,0.85,0.07,13.544,Dy_auto
,28,17.969,44.27,27.32,,,,,10,87.923,0.85,0.07,13.23,Dy_auto
,29,18.79,45.09,27.32,,,,,10,89.415,0.85,0.07,13.454,Dy_auto
,30,19.627,45.93,27.29,,,,,10,90.097,0.85,0.07,13.557,Dy_auto
,31,20.478,46.78,27.27,,,,,10,88.705,0.85,0.07,13.347,Dy_auto
,32,21.344,47.64,27.23,,,,,10,89.479,0.85,0.07,13.464,Dy_auto
,33,22.226,48.52,27.28,,,,,10,88.142,0.85,0.07,13.263,Dy_auto
,34,23.123,49.42,27.23,,,,,10,88.86,0.85,0.07,13.371,Dy_auto
,35,24.037,50.34,27.21,,,,,10,88.981,0.85,0.07,13.389,Dy_auto
,36,24.967,51.27,27.31,,,,,10,85.764,0.85,0.07,12.905,Dy_auto
,37,25.913,52.21,27.31,,,,,10,86.6,0.85,0.07,13.031,Dy_auto
,38,26.877,53.18,27.21,,,,,10,86.772,0.85,0.07,13.057,Dy_auto
,39,27.857,54.16,27.24,,,,,10,87.076,0.85,0.07,13.102,Dy_auto
,40,28.856,55.15,27.28,,,,,10,87.354,0.85,0.07,13.144,Dy_auto
,41,29.872,56.17,27.28,,,,,10,87.4,0.85,0.07,13.151,Dy_auto
,42,30.906,57.2,27.26,,,,,10,84.532,0.85,0.07,12.719,Dy_auto
,43,31.959,58.26,27.2,,,,,10,85.859,0.85,0.07,12.919,Dy_auto
,44,33.031,59.33,27.26,,,,,10,87.978,0.85,0.07,13.238,Dy_auto
,45,34.121,60.42,27.28,,,,,10,86.36,0.85,0.07,12.995,Dy_auto
,46,35.232,61.53,27.21,,,,,10,87.558,0.85,0.07,13.175,Dy_auto
,47,36.362,62.66,27.26,,,,,10,87.598,0.85,0.07,13.181,Dy_auto
,48,37.512,63.81,27.25,,,,,10,88.539,0.85,0.07,13.322,Dy_auto
,49,38.683,64.98,27.23,,,,,10,87.647,0.85,0.07,13.188,Dy_auto
,50,39.875,66.17,27.25,,,,,10,87.491,0.85,0.07,13.165,Dy_auto
,51,41.088,67.39,27.23,,,,,10,86.432,0.85,0.07,13.005,Dy_auto
,52,42.323,68.62,27.24,,,,,10,86.417,0.85,0.07,13.003,Dy_auto
,53,43.58,69.88,27.29,,,,,10,87.477,0.85,0.07,13.163,Dy_auto
,54,44.86,71.16,27.32,,,,,10,87.234,0.85,0.07,13.126,Dy_auto
,55,46.162,72.46,27.22,,,,,10,86.15,0.85,0.07,12.963,Dy_auto
,56,47.488,73.79,27.29,,,,,10,85.978,0.85,0.07,12.937,Dy_auto
,57,48.837,75.14,27.19,,,,,10,87.189,0.85,0.07,13.119,Dy_auto
,58,50.211,76.51,27.28,,,,,10,85.992,0.85,0.07,12.939,Dy_auto
,59,51.609,77.91,27.27,,,,,10,87.816,0.85,0.07,13.214,Dy_auto
,60,53.032,79.33,27.25,,,,,10,84.412,0.85,0.07,12.701,Dy_auto
,61,54.48,80.78,27.29,,,,,10,86.841,0.85,0.07,13.067,Dy_auto
,62,55.955,82.25,27.23,,,,,10,83.559,0.85,0.07,12.573,Dy_auto
,63,57.456,83.75,27.27,,,,,10,85.005,0.85,0.07,12.791,Dy_auto
,64,58.983,85.28,27.27,,,,,10,85.859,0.85,0.07,12.919,Dy_auto
,65,60.538,86.84,27.22,,,,,10,86.221,0.85,0.07,12.974,Dy_auto
,,,,,,,,,,,,,,
Test:,40k_r3,,,,,,,,,,,,,
,,,,,,,,,,,,,,
Result:,Time Sweep,,,,,,,,,,,,,
,,,,,,,,,,,,,,
Interval and data points:,1,10,,,,,,,,,,,,
Interval data:,Point No.,Time,Test Time,Temperature,Storage Modulus,Loss Modulus,Loss Factor,Complex Viscosity,Shear Strain,Shear Stress,Gap,Normal Force,Torque,Status
,,,,,,,,,,,,,,
,,[s],[s],[°C],[Pa],[Pa],[1],[mPa·s],[%],[Pa],[mm],[N],[µN·m],
,1,1,7.694,27.34,0.53825,10765,2E+04,1.7133E+06,0.789,84.959,0.7,0.09,12.784,"ME-,WMa,taD,TruStrain™"
,2,2,8.694,27.3,355.23,330.75,0.931,77249,1,4.8541,0.7,0.09,0.73039,"MV-,WMa,TruStrain™"
,3,3,9.694,27.34,1188.5,53.772,0.0452,1.8934E+05,1,11.897,0.7,0.09,1.7902,"MV-,WMa,TruStrain™"
,4,4,10.69,27.38,842.1,137.69,0.164,1.358E+05,1,8.5457,0.7,0.09,1.2859,"WMa,TruStrain™"
,5,5,11.69,27.36,870.59,113,0.13,1.3972E+05,1,8.8094,0.7,0.09,1.3255,"WMa,TruStrain™"
,6,6,12.69,27.28,855.28,122.49,0.143,1.3751E+05,1,8.6774,0.7,0.09,1.3057,"WMa,TruStrain™"
,7,7,13.69,27.37,858.59,123.52,0.144,1.3806E+05,1,8.7159,0.7,0.09,1.3115,"WMa,TruStrain™"
,8,8,14.69,27.43,863.06,119.1,0.138,1.3866E+05,1,8.7557,0.7,0.09,1.3175,"WMa,TruStrain™"
,9,9,15.69,27.28,860.32,121.78,0.142,1.3829E+05,1.01,8.7327,0.7,0.09,1.314,"WMa,TruStrain™"
,10,10,16.69,27.33,864.47,120.53,0.139,1.3892E+05,1.01,8.7723,0.7,0.09,1.32,"WMa,TruStrain™"
,,,,,,,,,,,,,,
Result:,Stress Relaxation,,,,,,,,,,,,,
,,,,,,,,,,,,,,
Interval and data points:,1,65,,,,,,,,,,,,
Interval data:,Point No.,Time,Test Time,Temperature,Storage Modulus,Loss Modulus,Loss Factor,Complex Viscosity,Shear Strain,Shear Stress,Gap,Normal Force,Torque,Status
,,,,,,,,,,,,,,
,,[s],[s],[°C],[Pa],[Pa],[1],[mPa·s],[%],[Pa],[mm],[N],[µN·m],
,1,0.5,28.17,27.34,,,,,10,80.658,0.7,0.09,12.137,Dy_auto
,2,1.009,28.68,27.33,,,,,10,78.465,0.7,0.09,11.807,Dy_auto
,3,1.527,29.2,27.33,,,,,10,69.369,0.7,0.09,10.438,Dy_auto
,4,2.055,29.72,27.33,,,,,10,70.235,0.7,0.09,10.568,Dy_auto
,5,2.592,30.26,27.3,,,,,10,74.183,0.7,0.09,11.162,Dy_auto
,6,3.138,30.81,27.35,,,,,10,72.31,0.7,0.09,10.88,Dy_auto
,7,3.694,31.36,27.36,,,,,10,70.449,0.7,0.09,10.6,Dy_auto
,8,4.26,31.93,27.34,,,,,10,70.722,0.7,0.09,10.641,Dy_auto
,9,4.836,32.51,27.44,,,,,10,70.893,0.7,0.09,10.667,Dy_auto
,10,5.423,33.09,27.32,,,,,10,68.6,0.7,0.09,10.322,Dy_auto
,11,6.02,33.69,27.27,,,,,10,68.97,0.7,0.09,10.378,Dy_auto
,12,6.627,34.3,27.34,,,,,10,69.097,0.7,0.09,10.397,Dy_auto
,13,7.246,34.92,27.43,,,,,10,68.815,0.7,0.09,10.354,Dy_auto
,14,7.876,35.55,27.41,,,,,10,67.235,0.7,0.09,10.117,Dy_auto
,15,8.516,36.19,27.37,,,,,10,67.653,0.7,0.09,10.18,Dy_auto
,16,9.169,36.84,27.28,,,,,10,65.818,0.7,0.09,9.9036,Dy_auto
,17,9.833,37.5,27.34,,,,,10,68.517,0.7,0.09,10.31,Dy_auto
,18,10.509,38.18,27.39,,,,,10,66.289,0.7,0.09,9.9745,Dy_auto
,19,11.197,38.87,27.41,,,,,10,66.28,0.7,0.09,9.9731,Dy_auto
,20,11.897,39.57,27.41,,,,,10,67.236,0.7,0.09,10.117,Dy_auto
,21,12.61,40.28,27.38,,,,,10,65.223,0.7,0.09,9.814,Dy_auto
,22,13.335,41,27.33,,,,,10,67.461,0.7,0.09,10.151,Dy_auto
,23,14.074,41.74,27.3,,,,,10,66.301,0.7,0.09,9.9762,Dy_auto
,24,14.825,42.49,27.35,,,,,10,64.271,0.7,0.09,9.6707,Dy_auto
,25,15.59,43.26,27.34,,,,,10,65.371,0.7,0.09,9.8363,Dy_auto
,26,16.369,44.04,27.37,,,,,10,67.699,0.7,0.09,10.187,Dy_auto
,27,17.162,44.83,27.42,,,,,10,63.696,0.7,0.09,9.5842,Dy_auto
,28,17.969,45.64,27.4,,,,,10,65.797,0.7,0.09,9.9003,Dy_auto
,29,18.79,46.46,27.4,,,,,10,67.09,0.7,0.09,10.095,Dy_auto
,30,19.627,47.3,27.4,,,,,10,65.584,0.7,0.09,9.8683,Dy_auto
,31,20.478,48.15,27.39,,,,,10,63.536,0.7,0.09,9.5602,Dy_auto
,32,21.344,49.01,27.42,,,,,10,67.595,0.7,0.09,10.171,Dy_auto
,33,22.226,49.9,27.4,,,,,10,63.904,0.7,0.09,9.6155,Dy_auto
,34,23.123,50.79,27.44,,,,,10,63.601,0.7,0.09,9.57,Dy_auto
,35,24.037,51.71,27.3,,,,,10,63.396,0.7,0.09,9.5391,Dy_auto
,36,24.967,52.64,27.36,,,,,10,65.67,0.7,0.09,9.8813,Dy_auto
,37,25.913,53.58,27.36,,,,,10,64.177,0.7,0.09,9.6567,Dy_auto
,38,26.877,54.55,27.33,,,,,10,63.76,0.7,0.09,9.5938,Dy_auto
,39,27.857,55.53,27.34,,,,,10,65.312,0.7,0.09,9.8274,Dy_auto
,40,28.856,56.53,27.32,,,,,10,64.546,0.7,0.09,9.7122,Dy_auto
,41,29.872,57.54,27.39,,,,,10,64.411,0.7,0.09,9.6919,Dy_auto
,42,30.906,58.58,27.35,,,,,10,64.192,0.7,0.09,9.6588,Dy_auto
,43,31.959,59.63,27.33,,,,,10,64.127,0.7,0.09,9.6491,Dy_auto
,44,33.031,60.7,27.35,,,,,10,64.732,0.7,0.09,9.7401,Dy_auto
,45,34.121,61.79,27.39,,,,,10,63.731,0.7,0.09,9.5895,Dy_auto
,46,35.232,62.9,27.36,,,,,10,64.247,0.7,0.09,9.6672,Dy_auto
,47,36.362,64.03,27.31,,,,,10,65.125,0.7,0.09,9.7993,Dy_auto
,48,37.512,65.18,27.39,,,,,10,63.522,0.7,0.09,9.5581,Dy_auto
,49,38.683,66.35,27.41,,,,,10,64.785,0.7,0.09,9.7481,Dy_auto
,50,39.875,67.54,27.32,,,,,10,64.572,0.7,0.09,9.7161,Dy_auto
,51,41.088,68.76,27.37,,,,,10,62.939,0.7,0.09,9.4703,Dy_auto
,52,42.323,69.99,27.38,,,,,10,64.375,0.7,0.09,9.6864,Dy_auto
,53,43.58,71.25,27.34,,,,,10,63.216,0.7,0.09,9.5121,Dy_auto
,54,44.86,72.53,27.39,,,,,10,62.93,0.7,0.09,9.469,Dy_auto
,55,46.162,73.83,27.35,,,,,10,62.517,0.7,0.09,9.4069,Dy_auto
,56,47.488,75.16,27.3,,,,,10,62.592,0.7,0.09,9.4181,Dy_auto
,57,48.837,76.51,27.36,,,,,10,62.501,0.7,0.09,9.4045,Dy_auto
,58,50.211,77.88,27.33,,,,,10,62.673,0.7,0.09,9.4303,Dy_auto
,59,51.609,79.28,27.39,,,,,10,62.199,0.7,0.09,9.359,Dy_auto
,60,53.032,80.7,27.39,,,,,10,62.485,0.7,0.09,9.402,Dy_auto
,61,54.48,82.15,27.31,,,,,10,63.915,0.7,0.09,9.6172,Dy_auto
,62,55.955,83.62,27.38,,,,,10,61.482,0.7,0.09,9.2511,Dy_auto
,63,57.456,85.13,27.38,,,,,10,61.438,0.7,0.09,9.2446,Dy_auto
,64,58.983,86.65,27.36,,,,,10,62.642,0.7,0.09,9.4257,Dy_auto
,65,60.538,88.21,27.39,,,,,10,63.069,0.7,0.09,9.49,Dy_auto
,,,,,,,,,,,,,,
Test:,40k_r4,,,,,,,,,,,,,
,,,,,,,,,,,,,,
Result:,Time Sweep,,,,,,,,,,,,,
,,,,,,,,,,,,,,
Interval and data points:,1,10,,,,,,,,,,,,
Interval data:,Point No.,Time,Test Time,Temperature,Storage Modulus,Loss Modulus,Loss Factor,Complex Viscosity,Shear Strain,Shear Stress,Gap,Normal Force,Torque,Status
,,,,,,,,,,,,,,
,,[s],[s],[°C],[Pa],[Pa],[1],[mPa·s],[%],[Pa],[mm],[N],[µN·m],
,1,1,7.96,27.5,0.65952,13190,2E+04,2.0993E+06,0.789,104.1,0.85,0.05,15.663,"ME-,WMa,taD,TruStrain™"
,2,2,8.96,27.55,600.01,295.24,0.492,1.0643E+05,1,6.6876,0.85,0.05,1.0063,"MV-,WMa,TruStrain™"
,3,3,9.96,27.43,1421.8,50.359,0.0354,2.2643E+05,1,14.228,0.85,0.05,2.1408,"MV-,WMa,TruStrain™"
,4,4,10.96,27.47,966.14,137.77,0.143,1.5532E+05,1,9.7736,0.85,0.05,1.4706,"WMa,TruStrain™"
,5,5,11.96,27.53,984.88,135.49,0.138,1.5823E+05,1,9.976,0.85,0.05,1.5011,"WMa,TruStrain™"
,6,6,12.96,27.53,975.41,132.08,0.135,1.5666E+05,1,9.8856,0.85,0.05,1.4875,"WMa,TruStrain™"
,7,7,13.96,27.5,995.13,135.12,0.136,1.5983E+05,1,10.091,0.85,0.05,1.5183,"WMa,TruStrain™"
,8,8,14.96,27.41,982.49,137.81,0.14,1.579E+05,1,9.9705,0.85,0.05,1.5002,"WMa,TruStrain™"
,9,9,15.96,27.51,981.8,134.34,0.137,1.5771E+05,1.01,9.9594,0.85,0.05,1.4986,"WMa,TruStrain™"
,10,10,16.96,27.54,985.43,149.19,0.151,1.5862E+05,1.01,10.017,0.85,0.05,1.5072,"WMa,TruStrain™"
,,,,,,,,,,,,,,
Result:,Stress Relaxation,,,,,,,,,,,,,
,,,,,,,,,,,,,,
Interval and data points:,1,65,,,,,,,,,,,,
Interval data:,Point No.,Time,Test Time,Temperature,Storage Modulus,Loss Modulus,Loss Factor,Complex Viscosity,Shear Strain,Shear Stress,Gap,Normal Force,Torque,Status
,,,,,,,,,,,,,,
,,[s],[s],[°C],[Pa],[Pa],[1],[mPa·s],[%],[Pa],[mm],[N],[µN·m],
,1,0.5,26.38,27.44,,,,,10,96.97,0.85,0.05,14.591,Dy_auto
,2,1.009,26.89,27.45,,,,,10,88.765,0.85,0.05,13.356,Dy_auto
,3,1.527,27.41,27.45,,,,,10,86.475,0.85,0.05,13.012,Dy_auto
,4,2.055,27.94,27.44,,,,,10,87.003,0.85,0.05,13.091,Dy_auto
,5,2.592,28.47,27.48,,,,,10,79.43,0.85,0.05,11.952,Dy_auto
,6,3.138,29.02,27.48,,,,,10,79.065,0.85,0.05,11.897,Dy_auto
,7,3.694,29.57,27.46,,,,,10,82.459,0.85,0.05,12.407,Dy_auto
,8,4.26,30.14,27.56,,,,,10,77.78,0.85,0.05,11.704,Dy_auto
,9,4.836,30.72,27.45,,,,,10,77.609,0.85,0.05,11.678,Dy_auto
,10,5.423,31.3,27.41,,,,,10,78.727,0.85,0.05,11.846,Dy_auto
,11,6.02,31.9,27.48,,,,,10,78.471,0.85,0.05,11.807,Dy_auto
,12,6.627,32.51,27.49,,,,,10,75.213,0.85,0.05,11.317,Dy_auto
,13,7.246,33.13,27.57,,,,,10,78.345,0.85,0.05,11.788,Dy_auto
,14,7.876,33.76,27.48,,,,,10,74.977,0.85,0.05,11.282,Dy_auto
,15,8.516,34.4,27.42,,,,,10,76.558,0.85,0.05,11.52,Dy_auto
,16,9.169,35.05,27.47,,,,,10,77.474,0.85,0.05,11.657,Dy_auto
,17,9.833,35.71,27.55,,,,,10,78.213,0.85,0.05,11.769,Dy_auto
,18,10.509,36.39,27.53,,,,,10,73.236,0.85,0.05,11.02,Dy_auto
,19,11.197,37.08,27.52,,,,,10,73.679,0.85,0.05,11.086,Dy_auto
,20,11.897,37.78,27.49,,,,,10,75.655,0.85,0.05,11.384,Dy_auto
,21,12.61,38.49,27.46,,,,,10,75.456,0.85,0.05,11.354,Dy_auto
,22,13.335,39.22,27.49,,,,,10,73.603,0.85,0.05,11.075,Dy_auto
,23,14.074,39.95,27.55,,,,,10,75.297,0.85,0.05,11.33,Dy_auto
,24,14.825,40.71,27.57,,,,,10,75.423,0.85,0.05,11.349,Dy_auto
,25,15.59,41.47,27.46,,,,,10,74.185,0.85,0.05,11.163,Dy_auto
,26,16.369,42.25,27.46,,,,,10,74.89,0.85,0.05,11.269,Dy_auto
,27,17.162,43.04,27.52,,,,,10,71.881,0.85,0.05,10.816,Dy_auto
,28,17.969,43.85,27.52,,,,,10,72.545,0.85,0.05,10.916,Dy_auto
,29,18.79,44.67,27.46,,,,,10,74.46,0.85,0.05,11.204,Dy_auto
,30,19.627,45.51,27.45,,,,,10,75.209,0.85,0.05,11.317,Dy_auto
,31,20.478,46.36,27.54,,,,,10,74.337,0.85,0.05,11.185,Dy_auto
,32,21.344,47.22,27.49,,,,,10,72.973,0.85,0.05,10.98,Dy_auto
,33,22.226,48.11,27.51,,,,,10,72.048,0.85,0.05,10.841,Dy_auto
,34,23.123,49,27.47,,,,,10,72.794,0.85,0.05,10.953,Dy_auto
,35,24.037,49.92,27.47,,,,,10,72.177,0.85,0.05,10.86,Dy_auto
,36,24.967,50.85,27.49,,,,,10,72.289,0.85,0.05,10.877,Dy_auto
,37,25.913,51.79,27.54,,,,,10,71.028,0.85,0.05,10.688,Dy_auto
,38,26.877,52.76,27.42,,,,,10,71.563,0.85,0.05,10.768,Dy_auto
,39,27.857,53.74,27.51,,,,,10,71.911,0.85,0.05,10.82,Dy_auto
,40,28.856,54.74,27.49,,,,,10,70.771,0.85,0.05,10.649,Dy_auto
,41,29.872,55.75,27.48,,,,,10,72.782,0.85,0.05,10.951,Dy_auto
,42,30.906,56.79,27.52,,,,,10,71.305,0.85,0.05,10.729,Dy_auto
,43,31.959,57.84,27.53,,,,,10,71.003,0.85,0.05,10.684,Dy_auto
,44,33.031,58.91,27.48,,,,,10,70.362,0.85,0.05,10.587,Dy_auto
,45,34.121,60,27.48,,,,,10,71.054,0.85,0.05,10.691,Dy_auto
,46,35.232,61.11,27.47,,,,,10,70.349,0.85,0.05,10.585,Dy_auto
,47,36.362,62.24,27.49,,,,,10,71.371,0.85,0.05,10.739,Dy_auto
,48,37.512,63.39,27.47,,,,,10,69.267,0.85,0.05,10.422,Dy_auto
,49,38.683,64.56,27.48,,,,,10,69.703,0.85,0.05,10.488,Dy_auto
,50,39.875,65.76,27.5,,,,,10,70.088,0.85,0.05,10.546,Dy_auto
,51,41.088,66.97,27.45,,,,,10,68.512,0.85,0.05,10.309,Dy_auto
,52,42.323,68.2,27.53,,,,,10,70.748,0.85,0.05,10.645,Dy_auto
,53,43.58,69.46,27.5,,,,,10,69.99,0.85,0.05,10.531,Dy_auto
,54,44.86,70.74,27.51,,,,,10,68.972,0.85,0.05,10.378,Dy_auto
,55,46.162,72.04,27.49,,,,,10,69.87,0.85,0.05,10.513,Dy_auto
,56,47.488,73.37,27.48,,,,,10,69.291,0.85,0.05,10.426,Dy_auto
,57,48.837,74.72,27.49,,,,,10,69.78,0.85,0.05,10.5,Dy_auto
,58,50.211,76.09,27.53,,,,,10,71.023,0.85,0.05,10.687,Dy_auto
,59,51.609,77.49,27.47,,,,,10,70.74,0.85,0.05,10.644,Dy_auto
,60,53.032,78.91,27.5,,,,,10,70.646,0.85,0.05,10.63,Dy_auto
,61,54.48,80.36,27.49,,,,,10,68.797,0.85,0.05,10.352,Dy_auto
,62,55.955,81.84,27.46,,,,,10,68.15,0.85,0.05,10.255,Dy_auto
,63,57.456,83.34,27.53,,,,,10,69.693,0.85,0.05,10.487,Dy_auto
,64,58.983,84.86,27.5,,,,,10,70.404,0.85,0.05,10.594,Dy_auto
,65,60.538,86.42,27.53,,,,,10,68.883,0.85,0.05,10.365,Dy_auto
,,,,,,,,,,,,,,
Test:,60k_r2,,,,,,,,,,,,,
,,,,,,,,,,,,,,
Result:,Time Sweep,,,,,,,,,,,,,
,,,,,,,,,,,,,,
Interval and data points:,1,30,,,,,,,,,,,,
Interval data:,Point No.,Time,Test Time,Temperature,Storage Modulus,Loss Modulus,Loss Factor,Complex Viscosity,Shear Strain,Shear Stress,Gap,Normal Force,Torque,Status
,,,,,,,,,,,,,,
,,[s],[s],[°C],[Pa],[Pa],[1],[mPa·s],[%],[Pa],[mm],[N],[µN·m],
,1,1,7.678,26.49,12243,0.61217,5E-05,1.9486E+06,0.789,96.625,0.8,0.12,14.539,"ME-,WMa,taD,TruStrain™"
,2,2,8.678,26.44,619.57,278.84,0.45,1.0813E+05,1,6.7948,0.8,0.12,1.0224,"MV-,WMa,TruStrain™"
,3,3,9.678,26.48,1374,66.661,0.0485,2.1894E+05,1,13.757,0.8,0.12,2.07,"MV-,WMa,TruStrain™"
,4,4,10.68,26.52,988.57,143.58,0.145,1.5899E+05,1,10.004,0.8,0.12,1.5054,"WMa,TruStrain™"
,5,5,11.68,26.41,975.76,148.23,0.152,1.5708E+05,1,9.9037,0.8,0.12,1.4902,"WMa,TruStrain™"
,6,6,12.68,26.47,964.18,155.96,0.162,1.5545E+05,1,9.8094,0.8,0.12,1.476,"WMa,TruStrain™"
,7,7,13.68,26.39,965.9,145.19,0.15,1.5545E+05,1,9.8143,0.8,0.12,1.4767,"WMa,TruStrain™"
,8,8,14.68,26.45,969.01,154.18,0.159,1.5616E+05,1,9.8608,0.8,0.12,1.4837,"WMa,TruStrain™"
,9,9,15.68,26.48,968.85,143.9,0.149,1.5589E+05,1.01,9.844,0.8,0.12,1.4812,"WMa,TruStrain™"
,10,10,16.68,26.49,971.06,111.3,0.115,1.5556E+05,1.01,9.8232,0.8,0.12,1.4781,"WMa,TruStrain™"
,11,11,17.68,26.44,954.6,163.45,0.171,1.5414E+05,1.01,9.7341,0.8,0.12,1.4647,"WMa,TruStrain™"
,12,12,18.68,26.41,991.64,128.41,0.129,1.5914E+05,1.01,10.049,0.8,0.12,1.5121,"WMa,TruStrain™"
,13,13,19.68,26.42,934.2,167.25,0.179,1.5105E+05,1.01,9.5389,0.8,0.12,1.4353,"WMa,TruStrain™"
,14,14,20.68,26.49,988.45,141.55,0.143,1.5892E+05,1,10.035,0.8,0.12,1.51,"WMa,TruStrain™"
,15,15,21.68,26.47,963.91,148.86,0.154,1.5523E+05,1.01,9.8026,0.8,0.12,1.475,"WMa,TruStrain™"
,16,16,22.68,26.37,969.84,150.66,0.155,1.5621E+05,1.01,9.8642,0.8,0.12,1.4842,"WMa,TruStrain™"
,17,17,23.68,26.47,967.61,147.38,0.152,1.5578E+05,1.01,9.837,0.8,0.12,1.4802,"WMa,TruStrain™"
,18,18,24.68,26.52,951.27,153.18,0.161,1.5335E+05,1.01,9.684,0.8,0.12,1.4571,"WMa,TruStrain™"
,19,19,25.68,26.41,977.91,145.53,0.149,1.5735E+05,1.01,9.9363,0.8,0.12,1.4951,"WMa,TruStrain™"
,20,20,26.68,26.44,985.73,143.5,0.146,1.5854E+05,1.01,10.011,0.8,0.12,1.5064,"WMa,TruStrain™"
,21,21,27.68,26.47,969.57,148.19,0.153,1.561E+05,1.01,9.8578,0.8,0.12,1.4833,"WMa,TruStrain™"
,22,22,28.68,26.48,943.57,145.5,0.154,1.5195E+05,1.01,9.5956,0.8,0.12,1.4438,"WMa,TruStrain™"
,23,23,29.68,26.47,986.26,148.81,0.151,1.5874E+05,1.01,10.024,0.8,0.12,1.5083,"WMa,TruStrain™"
,24,24,30.68,26.42,968.39,147.21,0.152,1.559E+05,1.01,9.8445,0.8,0.12,1.4813,"WMa,TruStrain™"
,25,25,31.68,26.45,966.54,148.64,0.154,1.5564E+05,1.01,9.8283,0.8,0.12,1.4788,"WMa,TruStrain™"
,26,26,32.68,26.52,966.43,151.79,0.157,1.557E+05,1.01,9.8322,0.8,0.12,1.4794,"WMa,TruStrain™"
,27,27,33.68,26.38,971.93,146.24,0.15,1.5643E+05,1.01,9.878,0.8,0.12,1.4863,"WMa,TruStrain™"
,28,28,34.68,26.47,965.25,152.15,0.158,1.5552E+05,1.01,9.8211,0.8,0.12,1.4778,"WMa,TruStrain™"
,29,29,35.68,26.47,978.74,149.68,0.153,1.5758E+05,1.01,9.9508,0.8,0.12,1.4973,"WMa,TruStrain™"
,30,30,36.68,26.41,994.62,132.92,0.134,1.5971E+05,1,10.085,0.8,0.12,1.5174,"WMa,TruStrain™"
,,,,,,,,,,,,,,
Result:,Stress Relaxation,,,,,,,,,,,,,
,,,,,,,,,,,,,,
Interval and data points:,1,94,,,,,,,,,,,,
Interval data:,Point No.,Time,Test Time,Temperature,Storage Modulus,Loss Modulus,Loss Factor,Complex Viscosity,Shear Strain,Shear Stress,Gap,Normal Force,Torque,Status
,,,,,,,,,,,,,,
,,[s],[s],[°C],[Pa],[Pa],[1],[mPa·s],[%],[Pa],[mm],[N],[µN·m],
,1,0.5,46.48,26.41,,,,,10,87.659,0.8,0.11,13.19,Dy_auto
,2,1.009,46.99,26.43,,,,,10,91.517,0.8,0.11,13.77,Dy_auto
,3,1.527,47.51,26.43,,,,,10,84.643,0.8,0.11,12.736,Dy_auto
,4,2.055,48.04,26.44,,,,,10,79.006,0.8,0.11,11.888,Dy_auto
,5,2.592,48.58,26.5,,,,,10,84.694,0.8,0.11,12.744,Dy_auto
,6,3.138,49.12,26.49,,,,,10,80.149,0.8,0.11,12.06,Dy_auto
,7,3.694,49.68,26.42,,,,,10,82.211,0.8,0.11,12.37,Dy_auto
,8,4.26,50.24,26.44,,,,,10,80.818,0.8,0.12,12.161,Dy_auto
,9,4.836,50.82,26.44,,,,,10,78.157,0.8,0.11,11.76,Dy_auto
,10,5.423,51.41,26.44,,,,,10,72.09,0.8,0.11,10.847,Dy_auto
,11,6.02,52,26.46,,,,,10,76.575,0.8,0.11,11.522,Dy_auto
,12,6.627,52.61,26.46,,,,,10,75.202,0.8,0.11,11.316,Dy_auto
,13,7.246,53.23,26.48,,,,,10,78.446,0.8,0.11,11.804,Dy_auto
,14,7.875,53.86,26.44,,,,,10,76.824,0.8,0.11,11.56,Dy_auto
,15,8.516,54.5,26.46,,,,,10,76.254,0.8,0.11,11.474,Dy_auto
,16,9.169,55.15,26.46,,,,,10,74.933,0.8,0.11,11.275,Dy_auto
,17,9.833,55.82,26.46,,,,,10,74.736,0.8,0.11,11.246,Dy_auto
,18,10.508,56.49,26.49,,,,,10,72.819,0.8,0.11,10.957,Dy_auto
,19,11.196,57.18,26.45,,,,,10,74.677,0.8,0.11,11.237,Dy_auto
,20,11.897,57.88,26.42,,,,,10,75.28,0.8,0.11,11.327,Dy_auto
,21,12.609,58.59,26.41,,,,,10,74.788,0.8,0.11,11.253,Dy_auto
,22,13.335,59.32,26.48,,,,,10,75.328,0.8,0.11,11.334,Dy_auto
,23,14.073,60.06,26.46,,,,,10,72.796,0.8,0.11,10.954,Dy_auto
,24,14.825,60.81,26.49,,,,,10,74.313,0.8,0.11,11.182,Dy_auto
,25,15.59,61.57,26.38,,,,,10,72.762,0.8,0.11,10.948,Dy_auto
,26,16.369,62.35,26.43,,,,,10,72.467,0.8,0.11,10.904,Dy_auto
,27,17.162,63.15,26.48,,,,,10,73.15,0.8,0.11,11.007,Dy_auto
,28,17.969,63.95,26.49,,,,,10,75.1,0.8,0.11,11.3,Dy_auto
,29,18.79,64.77,26.55,,,,,10,72.264,0.8,0.11,10.873,Dy_auto
,30,19.626,65.61,26.43,,,,,10,72.76,0.8,0.11,10.948,Dy_auto
,31,20.477,66.46,26.48,,,,,10,70.632,0.8,0.11,10.628,Dy_auto
,32,21.344,67.33,26.49,,,,,10,72.967,0.8,0.11,10.979,Dy_auto
,33,22.225,68.21,26.55,,,,,10,72.356,0.8,0.11,10.887,Dy_auto
,34,23.123,69.11,26.38,,,,,10,71.945,0.8,0.11,10.825,Dy_auto
,35,24.036,70.02,26.42,,,,,10,72.746,0.8,0.11,10.946,Dy_auto
,36,24.966,70.95,26.49,,,,,10,71.439,0.8,0.11,10.749,Dy_auto
,37,25.913,71.9,26.46,,,,,10,69.419,0.8,0.11,10.445,Dy_auto
,38,26.876,72.86,26.44,,,,,10,72.201,0.8,0.11,10.864,Dy_auto
,39,27.857,73.84,26.45,,,,,10,71.385,0.8,0.11,10.741,Dy_auto
,40,28.855,74.84,26.48,,,,,10,70.994,0.8,0.11,10.682,Dy_auto
,41,29.871,75.86,26.51,,,,,10,69.709,0.8,0.11,10.489,Dy_auto
,42,30.905,76.89,26.38,,,,,10,72.156,0.8,0.11,10.857,Dy_auto
,43,31.958,77.94,26.43,,,,,10,71.141,0.8,0.11,10.705,Dy_auto
,44,33.03,79.01,26.53,,,,,10,70.363,0.8,0.11,10.587,Dy_auto
,45,34.121,80.11,26.5,,,,,10,69.958,0.8,0.11,10.526,Dy_auto
,46,35.231,81.22,26.45,,,,,10,72.514,0.8,0.11,10.911,Dy_auto
,47,36.361,82.35,26.47,,,,,10,72.363,0.8,0.11,10.888,Dy_auto
,48,37.511,83.5,26.48,,,,,10,69.76,0.8,0.11,10.497,Dy_auto
,49,38.682,84.67,26.46,,,,,10,70.068,0.8,0.11,10.543,Dy_auto
,50,39.874,85.86,26.47,,,,,10,70.552,0.8,0.11,10.616,Dy_auto
,51,41.087,87.07,26.43,,,,,10,69.38,0.8,0.11,10.439,Dy_auto
,52,42.322,88.31,26.46,,,,,10,69.848,0.8,0.11,10.51,Dy_auto
,53,43.579,89.56,26.5,,,,,10,70.63,0.8,0.11,10.628,Dy_auto
,54,44.858,90.84,26.43,,,,,10,68.825,0.8,0.11,10.356,Dy_auto
,55,46.161,92.15,26.49,,,,,10,70.694,0.8,0.11,10.637,Dy_auto
,56,47.486,93.47,26.49,,,,,10,68.277,0.8,0.11,10.273,Dy_auto
,57,48.836,94.82,26.48,,,,,10,67.959,0.8,0.11,10.226,Dy_auto
,58,50.209,96.19,26.47,,,,,10,70.159,0.8,0.11,10.557,Dy_auto
,59,51.607,97.59,26.52,,,,,10,68.768,0.8,0.11,10.347,Dy_auto
,60,53.03,99.01,26.41,,,,,10,70.049,0.8,0.11,10.54,Dy_auto
,61,54.478,100.5,26.5,,,,,10,69.342,0.8,0.11,10.434,Dy_auto
,62,55.953,101.9,26.47,,,,,10,69.862,0.8,0.11,10.512,Dy_auto
,63,57.454,103.4,26.44,,,,,10,69.208,0.8,0.11,10.414,Dy_auto
,64,58.981,105,26.48,,,,,10,68.875,0.8,0.11,10.364,Dy_auto
,65,60.536,106.5,26.43,,,,,10,69.574,0.8,0.11,10.469,Dy_auto
,66,62.119,108.1,26.49,,,,,10,68.081,0.8,0.11,10.244,Dy_auto
,67,63.73,109.7,26.42,,,,,10,68.709,0.8,0.11,10.338,Dy_auto
,68,65.37,111.4,26.49,,,,,10,68.759,0.8,0.11,10.346,Dy_auto
,69,67.039,113,26.49,,,,,10,69.523,0.8,0.11,10.461,Dy_auto
,70,68.738,114.7,26.47,,,,,10,69.11,0.8,0.11,10.399,Dy_auto
,71,70.467,116.5,26.51,,,,,10,68.363,0.8,0.11,10.287,Dy_auto
,72,72.228,118.2,26.44,,,,,10,69.703,0.8,0.11,10.488,Dy_auto
,73,74.019,120,26.52,,,,,10,68.669,0.8,0.11,10.333,Dy_auto
,74,75.843,121.8,26.5,,,,,10,68.942,0.8,0.11,10.374,Dy_auto
,75,77.7,123.7,26.49,,,,,10,68.137,0.8,0.11,10.252,Dy_auto
,76,79.589,125.6,26.47,,,,,10,68.939,0.8,0.11,10.373,Dy_auto
,77,81.513,127.5,26.53,,,,,10,69.676,0.8,0.11,10.484,Dy_auto
,78,83.471,129.5,26.49,,,,,10,68.89,0.8,0.11,10.366,Dy_auto
,79,85.464,131.4,26.49,,,,,10,68.47,0.8,0.11,10.303,Dy_auto
,80,87.492,133.5,26.47,,,,,10,69.091,0.8,0.11,10.396,Dy_auto
,81,89.557,135.5,26.55,,,,,10,68.501,0.8,0.11,10.307,Dy_auto
,82,91.659,137.6,26.48,,,,,10,69.121,0.8,0.11,10.401,Dy_auto
,83,93.798,139.8,26.52,,,,,10,69.225,0.8,0.11,10.416,Dy_auto
,84,95.976,142,26.5,,,,,10,69.023,0.8,0.11,10.386,Dy_auto
,85,98.193,144.2,26.46,,,,,10,67.859,0.8,0.11,10.211,Dy_auto
,86,100.449,146.4,26.52,,,,,10,68.463,0.8,0.11,10.302,Dy_auto
,87,102.745,148.7,26.53,,,,,10,67.966,0.8,0.11,10.227,Dy_auto
,88,105.083,151.1,26.51,,,,,10,66.457,0.8,0.11,9.9997,Dy_auto
,89,107.462,153.4,26.48,,,,,10,68.542,0.8,0.11,10.313,Dy_auto
,90,109.884,155.9,26.51,,,,,10,68.064,0.8,0.11,10.242,Dy_auto
,91,112.35,158.3,26.52,,,,,10,67.027,0.8,0.11,10.085,Dy_auto
,92,114.859,160.8,26.52,,,,,10,68.149,0.8,0.11,10.254,Dy_auto
,93,117.414,163.4,26.48,,,,,10,67.964,0.8,0.11,10.226,Dy_auto
,94,120.014,166,26.45,,,,,10,68.529,0.8,0.11,10.311,Dy_auto
,,,,,,,,,,,,,,
Test:,10k_r1,,,,,,,,,,,,,
,,,,,,,,,,,,,,
Result:,Time Sweep,,,,,,,,,,,,,
,,,,,,,,,,,,,,
Interval and data points:,1,10,,,,,,,,,,,,
Interval data:,Point No.,Time,Test Time,Temperature,Storage Modulus,Loss Modulus,Loss Factor,Complex Viscosity,Shear Strain,Shear Stress,Gap,Normal Force,Torque,Status
,,,,,,,,,,,,,,
,,[s],[s],[°C],[Pa],[Pa],[1],[mPa·s],[%],[Pa],[mm],[N],[µN·m],
,1,1,7.631,27.6,11829,0.59144,5E-05,1.8826E+06,0.789,93.354,0.75,0.08,14.047,"ME-,WMa,taD,TruStrain™"
,2,2,8.631,27.62,398.59,175.98,0.441,69345,1,4.3574,0.75,0.08,0.65565,"MV-,WMa,TruStrain™"
,3,3,9.631,27.62,1048.4,73.286,0.0699,1.6726E+05,1,10.51,0.75,0.08,1.5814,"MV-,WMa,TruStrain™"
,4,4,10.63,27.64,676.43,110.56,0.163,1.0909E+05,1,6.8643,0.75,0.08,1.0329,"WMa,TruStrain™"
,5,5,11.63,27.64,667.8,102.24,0.153,1.0752E+05,1,6.7793,0.75,0.08,1.0201,"WMa,TruStrain™"
,6,6,12.63,27.61,679.76,93.943,0.138,1.0922E+05,1,6.8918,0.75,0.08,1.037,"WMa,TruStrain™"
,7,7,13.63,27.62,665.57,102.07,0.153,1.0717E+05,1,6.7658,0.75,0.08,1.018,"WMa,TruStrain™"
,8,8,14.63,27.6,667.4,104.17,0.156,1.0751E+05,1,6.7884,0.75,0.08,1.0214,"WMa,TruStrain™"
,9,9,15.63,27.58,669.39,104.15,0.156,1.0782E+05,1.01,6.8085,0.75,0.08,1.0245,"WMa,TruStrain™"
,10,10,16.63,27.58,671.5,100.67,0.15,1.0807E+05,1.01,6.8243,0.75,0.08,1.0268,"WMa,TruStrain™"
,,,,,,,,,,,,,,
Result:,Stress Relaxation,,,,,,,,,,,,,
,,,,,,,,,,,,,,
Interval and data points:,1,65,,,,,,,,,,,,
Interval data:,Point No.,Time,Test Time,Temperature,Storage Modulus,Loss Modulus,Loss Factor,Complex Viscosity,Shear Strain,Shear Stress,Gap,Normal Force,Torque,Status
,,,,,,,,,,,,,,
,,[s],[s],[°C],[Pa],[Pa],[1],[mPa·s],[%],[Pa],[mm],[N],[µN·m],
,1,0.5,26.49,27.59,,,,,10,58.242,0.75,0.07,8.7636,Dy_auto
,2,1.009,26.99,27.59,,,,,10,55.556,0.75,0.07,8.3595,Dy_auto
,3,1.527,27.51,27.62,,,,,10,52.221,0.75,0.08,7.8576,Dy_auto
,4,2.055,28.04,27.63,,,,,10,55.384,0.75,0.08,8.3335,Dy_auto
,5,2.592,28.58,27.63,,,,,10,51.583,0.75,0.08,7.7616,Dy_auto
,6,3.138,29.12,27.75,,,,,10,52.169,0.75,0.08,7.8497,Dy_auto
,7,3.694,29.68,27.62,,,,,10,49.969,0.75,0.08,7.5188,Dy_auto
,8,4.26,30.25,27.53,,,,,10,49.86,0.75,0.08,7.5023,Dy_auto
,9,4.836,30.82,27.59,,,,,10,49.42,0.75,0.08,7.4361,Dy_auto
,10,5.423,31.41,27.65,,,,,10,50.935,0.75,0.07,7.6642,Dy_auto
,11,6.02,32.01,27.64,,,,,10,49.026,0.75,0.07,7.3769,Dy_auto
,12,6.627,32.61,27.66,,,,,10,49.242,0.75,0.07,7.4094,Dy_auto
,13,7.246,33.23,27.66,,,,,10,48.499,0.75,0.07,7.2976,Dy_auto
,14,7.876,33.86,27.72,,,,,10,49.544,0.75,0.07,7.4548,Dy_auto
,15,8.516,34.5,27.59,,,,,10,48.686,0.75,0.07,7.3258,Dy_auto
,16,9.169,35.15,27.62,,,,,10,48.879,0.75,0.07,7.3547,Dy_auto
,17,9.833,35.82,27.71,,,,,10,46.381,0.75,0.07,6.9788,Dy_auto
,18,10.509,36.49,27.7,,,,,10,46.369,0.75,0.07,6.977,Dy_auto
,19,11.197,37.18,27.62,,,,,10,48.248,0.75,0.07,7.2598,Dy_auto
,20,11.897,37.88,27.56,,,,,10,47.273,0.75,0.07,7.1131,Dy_auto
,21,12.61,38.6,27.61,,,,,10,47.833,0.75,0.07,7.1974,Dy_auto
,22,13.335,39.32,27.64,,,,,10,47.926,0.75,0.07,7.2113,Dy_auto
,23,14.074,40.06,27.67,,,,,10,47.67,0.75,0.07,7.1728,Dy_auto
,24,14.825,40.81,27.66,,,,,10,47.548,0.75,0.07,7.1545,Dy_auto
,25,15.59,41.58,27.68,,,,,10,46.541,0.75,0.07,7.0029,Dy_auto
,26,16.369,42.35,27.66,,,,,10,47.69,0.75,0.07,7.1759,Dy_auto
,27,17.162,43.15,27.66,,,,,10,47.04,0.75,0.07,7.078,Dy_auto
,28,17.969,43.95,27.66,,,,,10,47.49,0.75,0.07,7.1458,Dy_auto
,29,18.79,44.78,27.71,,,,,10,47.379,0.75,0.07,7.129,Dy_auto
,30,19.627,45.61,27.61,,,,,10,46.449,0.75,0.07,6.9891,Dy_auto
,31,20.478,46.46,27.65,,,,,10,47.9,0.75,0.07,7.2074,Dy_auto
,32,21.344,47.33,27.65,,,,,10,46.676,0.75,0.07,7.0233,Dy_auto
,33,22.226,48.21,27.66,,,,,10,46.479,0.75,0.07,6.9937,Dy_auto
,34,23.123,49.11,27.57,,,,,10,47.655,0.75,0.07,7.1706,Dy_auto
,35,24.037,50.02,27.64,,,,,10,46.404,0.75,0.07,6.9824,Dy_auto
,36,24.967,50.95,27.65,,,,,10,46.89,0.75,0.07,7.0555,Dy_auto
,37,25.913,51.9,27.6,,,,,10,46.086,0.75,0.07,6.9345,Dy_auto
,38,26.877,52.86,27.6,,,,,10,45.746,0.75,0.07,6.8833,Dy_auto
,39,27.857,53.84,27.66,,,,,10,45.496,0.75,0.07,6.8458,Dy_auto
,40,28.856,54.84,27.65,,,,,10,45.115,0.75,0.07,6.7885,Dy_auto
,41,29.872,55.86,27.66,,,,,10,45.936,0.75,0.07,6.9119,Dy_auto
,42,30.906,56.89,27.66,,,,,10,45.852,0.75,0.07,6.8993,Dy_auto
,43,31.959,57.94,27.65,,,,,10,45.453,0.75,0.07,6.8393,Dy_auto
,44,33.031,59.02,27.67,,,,,10,44.956,0.75,0.07,6.7644,Dy_auto
,45,34.121,60.11,27.57,,,,,10,45.311,0.75,0.07,6.8178,Dy_auto
,46,35.232,61.22,27.66,,,,,10,46.179,0.75,0.07,6.9484,Dy_auto
,47,36.362,62.35,27.66,,,,,10,45.208,0.75,0.07,6.8024,Dy_auto
,48,37.512,63.5,27.65,,,,,10,45.763,0.75,0.07,6.8859,Dy_auto
,49,38.683,64.67,27.65,,,,,10,45.226,0.75,0.07,6.8052,Dy_auto
,50,39.875,65.86,27.65,,,,,10,44.43,0.75,0.07,6.6853,Dy_auto
,51,41.088,67.07,27.66,,,,,10,43.96,0.75,0.07,6.6145,Dy_auto
,52,42.323,68.31,27.61,,,,,10,46.395,0.75,0.07,6.9809,Dy_auto
,53,43.58,69.57,27.64,,,,,10,43.723,0.75,0.07,6.579,Dy_auto
,54,44.86,70.85,27.6,,,,,10,44.694,0.75,0.07,6.7251,Dy_auto
,55,46.162,72.15,27.64,,,,,10,44.659,0.75,0.07,6.7198,Dy_auto
,56,47.488,73.47,27.65,,,,,10,44.967,0.75,0.07,6.7661,Dy_auto
,57,48.837,74.82,27.63,,,,,10,44.526,0.75,0.07,6.6998,Dy_auto
,58,50.211,76.2,27.64,,,,,10,44.624,0.75,0.07,6.7145,Dy_auto
,59,51.609,77.59,27.7,,,,,10,45.043,0.75,0.07,6.7776,Dy_auto
,60,53.032,79.02,27.58,,,,,10,44.858,0.75,0.07,6.7498,Dy_auto
,61,54.48,80.47,27.67,,,,,10,44.67,0.75,0.07,6.7215,Dy_auto
,62,55.955,81.94,27.59,,,,,10,43.992,0.75,0.07,6.6194,Dy_auto
,63,57.456,83.44,27.66,,,,,10,44.879,0.75,0.07,6.753,Dy_auto
,64,58.983,84.97,27.65,,,,,10,44.042,0.75,0.07,6.627,Dy_auto
,65,60.538,86.52,27.6,,,,,10,45.133,0.75,0.07,6.7911,Dy_auto
,,,,,,,,,,,,,,
Test:,10k_r3,,,,,,,,,,,,,
,,,,,,,,,,,,,,
Result:,Time Sweep,,,,,,,,,,,,,
,,,,,,,,,,,,,,
Interval and data points:,1,10,,,,,,,,,,,,
Interval data:,Point No.,Time,Test Time,Temperature,Storage Modulus,Loss Modulus,Loss Factor,Complex Viscosity,Shear Strain,Shear Stress,Gap,Normal Force,Torque,Status
,,,,,,,,,,,,,,
,,[s],[s],[°C],[Pa],[Pa],[1],[mPa·s],[%],[Pa],[mm],[N],[µN·m],
,1,1,7.935,27.74,15165,0.75823,5E-05,2.4135E+06,0.789,119.68,0.95,0.03,18.008,"ME-,WMa,taD,TruStrain™"
,2,2,8.935,27.82,280.76,299.02,1.07,65280,1,4.102,0.95,0.03,0.61722,"MV-,WMa,TruStrain™"
,3,3,9.935,27.82,1315.6,113.98,0.0866,2.1016E+05,1,13.205,0.95,0.03,1.987,"MV-,WMa,TruStrain™"
,4,4,10.94,27.74,773.16,119.22,0.154,1.2451E+05,1,7.8347,0.95,0.03,1.1789,"WMa,TruStrain™"
,5,5,11.94,27.74,810.19,102.2,0.126,1.2997E+05,1,8.1944,0.95,0.03,1.233,"WMa,TruStrain™"
,6,6,12.94,27.8,780.67,113.12,0.145,1.2555E+05,1,7.9224,0.95,0.03,1.1921,"WMa,TruStrain™"
,7,7,13.94,27.8,789.8,106.24,0.135,1.2683E+05,1,8.0073,0.95,0.03,1.2048,"WMa,TruStrain™"
,8,8,14.94,27.77,789.33,108.12,0.137,1.268E+05,1,8.0067,0.95,0.03,1.2048,"WMa,TruStrain™"
,9,9,15.94,27.77,777.79,112.52,0.145,1.2508E+05,1.01,7.8984,0.95,0.03,1.1885,"WMa,TruStrain™"
,10,10,16.94,27.77,796.38,110.68,0.139,1.2797E+05,1.01,8.0809,0.95,0.03,1.2159,"WMa,TruStrain™"
,,,,,,,,,,,,,,
Result:,Stress Relaxation,,,,,,,,,,,,,
,,,,,,,,,,,,,,
Interval and data points:,1,65,,,,,,,,,,,,
Interval data:,Point No.,Time,Test Time,Temperature,Storage Modulus,Loss Modulus,Loss Factor,Complex Viscosity,Shear Strain,Shear Stress,Gap,Normal Force,Torque,Status
,,,,,,,,,,,,,,
,,[s],[s],[°C],[Pa],[Pa],[1],[mPa·s],[%],[Pa],[mm],[N],[µN·m],
,1,0.5,26.55,27.74,,,,,10,65.087,0.95,0.03,9.7935,Dy_auto
,2,1.009,27.06,27.75,,,,,10,60.595,0.95,0.03,9.1176,Dy_auto
,3,1.527,27.58,27.76,,,,,10,62.224,0.95,0.03,9.3628,Dy_auto
,4,2.055,28.11,27.72,,,,,10,60.26,0.95,0.03,9.0673,Dy_auto
,5,2.592,28.65,27.8,,,,,10,61.551,0.95,0.03,9.2615,Dy_auto
,6,3.138,29.19,27.82,,,,,10,57.201,0.95,0.03,8.6069,Dy_auto
,7,3.694,29.75,27.79,,,,,10,62.275,0.95,0.03,9.3704,Dy_auto
,8,4.26,30.31,27.84,,,,,10,57.828,0.95,0.03,8.7013,Dy_auto
,9,4.836,30.89,27.75,,,,,10,60.897,0.95,0.03,9.1631,Dy_auto
,10,5.423,31.48,27.74,,,,,10,59.323,0.95,0.03,8.9263,Dy_auto
,11,6.02,32.07,27.78,,,,,10,57.015,0.95,0.03,8.5789,Dy_auto
,12,6.627,32.68,27.83,,,,,10,57.015,0.95,0.03,8.5789,Dy_auto
,13,7.246,33.3,27.79,,,,,10,59.225,0.95,0.03,8.9115,Dy_auto
,14,7.876,33.93,27.77,,,,,10,58.111,0.95,0.03,8.7438,Dy_auto
,15,8.516,34.57,27.79,,,,,10,57.702,0.95,0.03,8.6823,Dy_auto
,16,9.169,35.22,27.75,,,,,10,57.354,0.95,0.03,8.6299,Dy_auto
,17,9.833,35.89,27.79,,,,,10,58.315,0.95,0.03,8.7745,Dy_auto
,18,10.509,36.56,27.82,,,,,10,57.825,0.95,0.03,8.7009,Dy_auto
,19,11.197,37.25,27.79,,,,,10,56.644,0.95,0.03,8.5231,Dy_auto
,20,11.897,37.95,27.85,,,,,10,57.493,0.95,0.03,8.6509,Dy_auto
,21,12.61,38.66,27.75,,,,,10,56.465,0.95,0.03,8.4962,Dy_auto
,22,13.335,39.39,27.74,,,,,10,58.347,0.95,0.03,8.7794,Dy_auto
,23,14.074,40.13,27.78,,,,,10,57.752,0.95,0.03,8.6898,Dy_auto
,24,14.825,40.88,27.81,,,,,10,57.264,0.95,0.03,8.6165,Dy_auto
,25,15.59,41.64,27.77,,,,,10,55.087,0.95,0.03,8.2888,Dy_auto
,26,16.369,42.42,27.73,,,,,10,56.814,0.95,0.03,8.5487,Dy_auto
,27,17.162,43.22,27.78,,,,,10,55.814,0.95,0.03,8.3982,Dy_auto
,28,17.969,44.02,27.77,,,,,10,56.704,0.95,0.03,8.5322,Dy_auto
,29,18.79,44.84,27.75,,,,,10,56.412,0.95,0.03,8.4882,Dy_auto
,30,19.627,45.68,27.71,,,,,10,57.245,0.95,0.03,8.6136,Dy_auto
,31,20.478,46.53,27.82,,,,,10,56.264,0.95,0.03,8.466,Dy_auto
,32,21.344,47.4,27.8,,,,,10,57.318,0.95,0.03,8.6245,Dy_auto
,33,22.226,48.28,27.75,,,,,10,57.109,0.95,0.03,8.5931,Dy_auto
,34,23.123,49.18,27.76,,,,,10,55.187,0.95,0.03,8.3039,Dy_auto
,35,24.037,50.09,27.84,,,,,10,56.314,0.95,0.03,8.4735,Dy_auto
,36,24.967,51.02,27.83,,,,,10,55.601,0.95,0.03,8.3662,Dy_auto
,37,25.913,51.97,27.77,,,,,10,54.93,0.95,0.03,8.2653,Dy_auto
,38,26.877,52.93,27.75,,,,,10,55.016,0.95,0.03,8.2781,Dy_auto
,39,27.857,53.91,27.76,,,,,10,55.602,0.95,0.03,8.3664,Dy_auto
,40,28.856,54.91,27.81,,,,,10,56.526,0.95,0.03,8.5055,Dy_auto
,41,29.872,55.93,27.79,,,,,10,54.775,0.95,0.03,8.242,Dy_auto
,42,30.906,56.96,27.74,,,,,10,54.709,0.95,0.03,8.232,Dy_auto
,43,31.959,58.01,27.79,,,,,10,55.733,0.95,0.03,8.3861,Dy_auto
,44,33.031,59.09,27.77,,,,,10,54.965,0.95,0.03,8.2705,Dy_auto
,45,34.121,60.18,27.78,,,,,10,54.899,0.95,0.03,8.2605,Dy_auto
,46,35.232,61.29,27.79,,,,,10,54.4,0.95,0.03,8.1855,Dy_auto
,47,36.362,62.42,27.81,,,,,10,56.269,0.95,0.03,8.4667,Dy_auto
,48,37.512,63.57,27.78,,,,,10,55.327,0.95,0.03,8.325,Dy_auto
,49,38.683,64.74,27.77,,,,,10,55.067,0.95,0.03,8.2858,Dy_auto
,50,39.875,65.93,27.78,,,,,10,54.314,0.95,0.03,8.1725,Dy_auto
,51,41.088,67.14,27.73,,,,,10,55.301,0.95,0.03,8.321,Dy_auto
,52,42.323,68.38,27.76,,,,,10,54.982,0.95,0.03,8.2731,Dy_auto
,53,43.58,69.63,27.82,,,,,10,54.317,0.95,0.03,8.173,Dy_auto
,54,44.86,70.91,27.73,,,,,10,54.4,0.95,0.03,8.1856,Dy_auto
,55,46.162,72.22,27.75,,,,,10,54.529,0.95,0.03,8.2049,Dy_auto
,56,47.488,73.54,27.77,,,,,10,54.505,0.95,0.03,8.2013,Dy_auto
,57,48.837,74.89,27.71,,,,,10,53.932,0.95,0.03,8.115,Dy_auto
,58,50.211,76.27,27.8,,,,,10,54.217,0.95,0.03,8.1579,Dy_auto
,59,51.609,77.66,27.78,,,,,10,54.8,0.95,0.03,8.2457,Dy_auto
,60,53.032,79.09,27.76,,,,,10,54.9,0.95,0.03,8.2607,Dy_auto
,61,54.48,80.53,27.83,,,,,10,54.262,0.95,0.03,8.1648,Dy_auto
,62,55.955,82.01,27.76,,,,,10,54.034,0.95,0.03,8.1304,Dy_auto
,63,57.456,83.51,27.73,,,,,10,53.622,0.95,0.03,8.0684,Dy_auto
,64,58.983,85.04,27.8,,,,,10,54.254,0.95,0.03,8.1636,Dy_auto
,65,60.538,86.59,27.78,,,,,10,53.574,0.95,0.03,8.0613,Dy_auto
,,,,,,,,,,,,,,
Test:,10k_r4,,,,,,,,,,,,,
,,,,,,,,,,,,,,
Result:,Time Sweep,,,,,,,,,,,,,
,,,,,,,,,,,,,,
Interval and data points:,1,10,,,,,,,,,,,,
Interval data:,Point No.,Time,Test Time,Temperature,Storage Modulus,Loss Modulus,Loss Factor,Complex Viscosity,Shear Strain,Shear Stress,Gap,Normal Force,Torque,Status
,,,,,,,,,,,,,,
,,[s],[s],[°C],[Pa],[Pa],[1],[mPa·s],[%],[Pa],[mm],[N],[µN·m],
,1,1,7.965,27.76,14048,0.70238,5E-05,2.2358E+06,0.789,110.87,0.875,0.05,16.682,"ME-,WMa,taD,TruStrain™"
,2,2,8.965,27.84,245.95,284.66,1.16,59873,1,3.7622,0.875,0.05,0.56609,"MV-,WMa,TruStrain™"
,3,3,9.965,27.87,1100.4,136.8,0.124,1.7648E+05,1,11.089,0.875,0.05,1.6685,"MV-,WMa,TruStrain™"
,4,4,10.97,27.86,650.89,91.326,0.14,1.0461E+05,1,6.5824,0.875,0.05,0.99044,"WMa,TruStrain™"
,5,5,11.97,27.86,638.87,95.775,0.15,1.0282E+05,1,6.4824,0.875,0.05,0.9754,"WMa,TruStrain™"
,6,6,12.97,27.85,651.53,94.495,0.145,1.0478E+05,1,6.612,0.875,0.05,0.9949,"WMa,TruStrain™"
,7,7,13.97,27.75,638.1,99.703,0.156,1.0279E+05,1,6.4894,0.875,0.05,0.97646,"WMa,TruStrain™"
,8,8,14.97,27.77,661.48,95.478,0.144,1.0637E+05,1,6.7166,0.875,0.05,1.0106,"WMa,TruStrain™"
,9,9,15.97,27.84,648.07,98.766,0.152,1.0433E+05,1.01,6.5885,0.875,0.05,0.99136,"WMa,TruStrain™"
,10,10,16.97,27.83,657.31,95.001,0.145,1.057E+05,1.01,6.6749,0.875,0.05,1.0044,"WMa,TruStrain™"
,,,,,,,,,,,,,,
Result:,Stress Relaxation,,,,,,,,,,,,,
,,,,,,,,,,,,,,
Interval and data points:,1,65,,,,,,,,,,,,
Interval data:,Point No.,Time,Test Time,Temperature,Storage Modulus,Loss Modulus,Loss Factor,Complex Viscosity,Shear Strain,Shear Stress,Gap,Normal Force,Torque,Status
,,,,,,,,,,,,,,
,,[s],[s],[°C],[Pa],[Pa],[1],[mPa·s],[%],[Pa],[mm],[N],[µN·m],
,1,0.5,26.4,27.76,,,,,10,68.214,0.875,0.05,10.264,Dy_auto
,2,1.009,26.91,27.76,,,,,10,58.639,0.875,0.05,8.8234,Dy_auto
,3,1.527,27.43,27.86,,,,,10,59.235,0.875,0.05,8.9131,Dy_auto
,4,2.055,27.96,27.77,,,,,10,60.427,0.875,0.05,9.0924,Dy_auto
,5,2.592,28.5,27.85,,,,,10,56.761,0.875,0.05,8.5408,Dy_auto
,6,3.138,29.04,27.76,,,,,10,55.738,0.875,0.05,8.3869,Dy_auto
,7,3.694,29.6,27.8,,,,,10,57.516,0.875,0.05,8.6543,Dy_auto
,8,4.26,30.16,27.87,,,,,10,56.871,0.875,0.05,8.5572,Dy_auto
,9,4.836,30.74,27.79,,,,,10,53.985,0.875,0.05,8.123,Dy_auto
,10,5.423,31.33,27.74,,,,,10,53.348,0.875,0.05,8.0273,Dy_auto
,11,6.02,31.92,27.79,,,,,10,57.032,0.875,0.05,8.5815,Dy_auto
,12,6.627,32.53,27.81,,,,,10,52.66,0.875,0.05,7.9237,Dy_auto
,13,7.246,33.15,27.8,,,,,10,52.567,0.875,0.05,7.9097,Dy_auto
,14,7.876,33.78,27.81,,,,,10,54.938,0.875,0.05,8.2665,Dy_auto
,15,8.516,34.42,27.81,,,,,10,55.027,0.875,0.05,8.2799,Dy_auto
,16,9.169,35.07,27.8,,,,,10,53.079,0.875,0.05,7.9867,Dy_auto
,17,9.833,35.74,27.72,,,,,10,51.249,0.875,0.05,7.7114,Dy_auto
,18,10.509,36.41,27.8,,,,,10,53.17,0.875,0.05,8.0004,Dy_auto
,19,11.197,37.1,27.84,,,,,10,52.511,0.875,0.05,7.9013,Dy_auto
,20,11.897,37.8,27.87,,,,,10,54.812,0.875,0.05,8.2475,Dy_auto
,21,12.61,38.51,27.78,,,,,10,52.341,0.875,0.05,7.8757,Dy_auto
,22,13.335,39.24,27.75,,,,,10,51.467,0.875,0.05,7.7442,Dy_auto
,23,14.074,39.98,27.8,,,,,10,52.193,0.875,0.05,7.8535,Dy_auto
,24,14.825,40.73,27.76,,,,,10,49.976,0.875,0.05,7.5199,Dy_auto
,25,15.59,41.49,27.77,,,,,10,51.154,0.875,0.05,7.6971,Dy_auto
,26,16.369,42.27,27.82,,,,,10,53.7,0.875,0.05,8.0802,Dy_auto
,27,17.162,43.07,27.84,,,,,10,51.436,0.875,0.05,7.7395,Dy_auto
,28,17.969,43.87,27.84,,,,,10,51.385,0.875,0.05,7.7319,Dy_auto
,29,18.79,44.69,27.83,,,,,10,51.379,0.875,0.05,7.731,Dy_auto
,30,19.627,45.53,27.83,,,,,10,52.622,0.875,0.05,7.918,Dy_auto
,31,20.478,46.38,27.87,,,,,10,50.349,0.875,0.05,7.576,Dy_auto
,32,21.344,47.25,27.75,,,,,10,51.813,0.875,0.05,7.7963,Dy_auto
,33,22.226,48.13,27.8,,,,,10,51.526,0.875,0.05,7.753,Dy_auto
,34,23.123,49.03,27.8,,,,,10,50.984,0.875,0.05,7.6715,Dy_auto
,35,24.037,49.94,27.8,,,,,10,50.946,0.875,0.05,7.6658,Dy_auto
,36,24.967,50.87,27.82,,,,,10,52.374,0.875,0.05,7.8806,Dy_auto
,37,25.913,51.82,27.79,,,,,10,50.829,0.875,0.05,7.6482,Dy_auto
,38,26.877,52.78,27.8,,,,,10,49.522,0.875,0.05,7.4515,Dy_auto
,39,27.857,53.76,27.8,,,,,10,51.754,0.875,0.05,7.7874,Dy_auto
,40,28.856,54.76,27.75,,,,,10,51.426,0.875,0.05,7.738,Dy_auto
,41,29.872,55.78,27.83,,,,,10,49.669,0.875,0.05,7.4737,Dy_auto
,42,30.906,56.81,27.84,,,,,10,50.604,0.875,0.05,7.6144,Dy_auto
,43,31.959,57.86,27.8,,,,,10,52.46,0.875,0.05,7.8936,Dy_auto
,44,33.031,58.93,27.74,,,,,10,50.758,0.875,0.05,7.6375,Dy_auto
,45,34.121,60.02,27.81,,,,,10,50.189,0.875,0.05,7.5519,Dy_auto
,46,35.232,61.14,27.82,,,,,10,50.857,0.875,0.05,7.6523,Dy_auto
,47,36.362,62.27,27.79,,,,,10,49.54,0.875,0.05,7.4542,Dy_auto
,48,37.512,63.42,27.82,,,,,10,49.321,0.875,0.05,7.4213,Dy_auto
,49,38.683,64.59,27.81,,,,,10,50.177,0.875,0.05,7.55,Dy_auto
,50,39.875,65.78,27.73,,,,,10,49.931,0.875,0.05,7.5131,Dy_auto
,51,41.088,66.99,27.81,,,,,10,49.878,0.875,0.05,7.5051,Dy_auto
,52,42.323,68.23,27.84,,,,,10,50.634,0.875,0.05,7.6188,Dy_auto
,53,43.58,69.48,27.77,,,,,10,49.763,0.875,0.05,7.4878,Dy_auto
,54,44.86,70.76,27.79,,,,,10,49.304,0.875,0.05,7.4187,Dy_auto
,55,46.162,72.07,27.82,,,,,10,50.439,0.875,0.05,7.5895,Dy_auto
,56,47.488,73.39,27.75,,,,,10,49.96,0.875,0.05,7.5174,Dy_auto
,57,48.837,74.74,27.82,,,,,10,49.47,0.875,0.05,7.4437,Dy_auto
,58,50.211,76.11,27.84,,,,,10,49.114,0.875,0.05,7.3902,Dy_auto
,59,51.609,77.51,27.75,,,,,10,49.576,0.875,0.05,7.4596,Dy_auto
,60,53.032,78.94,27.8,,,,,10,48.882,0.875,0.05,7.3552,Dy_auto
,61,54.48,80.38,27.79,,,,,10,49.073,0.875,0.05,7.384,Dy_auto
,62,55.955,81.86,27.81,,,,,10,49.004,0.875,0.05,7.3736,Dy_auto
,63,57.456,83.36,27.81,,,,,10,48.484,0.875,0.05,7.2954,Dy_auto
,64,58.983,84.89,27.78,,,,,10,49.247,0.875,0.05,7.4101,Dy_auto
,65,60.538,86.44,27.83,,,,,10,48.972,0.875,0.05,7.3687,Dy_auto
,,,,,,,,,,,,,,
Test:,peg_r1,,,,,,,,,,,,,
,,,,,,,,,,,,,,
Result:,Time Sweep,,,,,,,,,,,,,
,,,,,,,,,,,,,,
Interval and data points:,1,10,,,,,,,,,,,,
Interval data:,Point No.,Time,Test Time,Temperature,Storage Modulus,Loss Modulus,Loss Factor,Complex Viscosity,Shear Strain,Shear Stress,Gap,Normal Force,Torque,Status
,,,,,,,,,,,,,,
,,[s],[s],[°C],[Pa],[Pa],[1],[mPa·s],[%],[Pa],[mm],[N],[µN·m],
,1,1,8.181,27.9,21193,1.0597,5E-05,3.373E+06,0.789,167.26,1.3,0.01,25.168,"ME-,WMa,taD,TruStrain™"
,2,2,9.181,27.91,9.7682,318.85,32.6,50771,1,3.1903,1.3,0.01,0.48004,"ME-,MV-,WMa,TruStrain™"
,3,3,10.18,27.98,1207.8,288.89,0.239,1.9765E+05,1,12.419,1.3,0.01,1.8687,"MV-,WMa,TruStrain™"
,4,4,11.18,27.82,422.95,81.945,0.194,68567,1,4.3146,1.3,0.01,0.64921,"MV-,WMa,TruStrain™"
,5,5,12.18,27.89,471.46,59.345,0.126,75628,1,4.7683,1.3,0.01,0.71748,"WMa,TruStrain™"
,6,6,13.18,27.91,467.21,45.93,0.0983,74718,1,4.7149,1.3,0.01,0.70945,"WMa,TruStrain™"
,7,7,14.18,27.84,433.33,63.988,0.148,69714,1,4.4013,1.3,0.01,0.66225,"WMa,TruStrain™"
,8,8,15.18,27.88,451.66,53.263,0.118,72382,1,4.5705,1.3,0.01,0.68772,"WMa,TruStrain™"
,9,9,16.18,27.9,445.08,44.444,0.0999,71189,1.01,4.4955,1.3,0.01,0.67643,"WMa,TruStrain™"
,10,10,17.18,27.93,447.11,51.925,0.116,71639,1.01,4.5239,1.3,0.01,0.68071,"WMa,TruStrain™"
,,,,,,,,,,,,,,
Result:,Stress Relaxation,,,,,,,,,,,,,
,,,,,,,,,,,,,,
Interval and data points:,1,65,,,,,,,,,,,,
Interval data:,Point No.,Time,Test Time,Temperature,Storage Modulus,Loss Modulus,Loss Factor,Complex Viscosity,Shear Strain,Shear Stress,Gap,Normal Force,Torque,Status
,,,,,,,,,,,,,,
,,[s],[s],[°C],[Pa],[Pa],[1],[mPa·s],[%],[Pa],[mm],[N],[µN·m],
,1,0.5,26.6,27.86,,,,,10,34.641,1.3,0.01,5.2124,Dy_auto
,2,1.009,27.1,27.89,,,,,10,34.805,1.3,0.01,5.2371,Dy_auto
,3,1.527,27.62,28.04,,,,,10,34.801,1.3,0.01,5.2365,Dy_auto
,4,2.055,28.15,27.88,,,,,10,34.39,1.3,0.01,5.1746,Dy_auto
,5,2.592,28.69,27.92,,,,,10,32.967,1.3,0.01,4.9606,Dy_auto
,6,3.138,29.23,27.85,,,,,10,32.651,1.3,0.01,4.913,Dy_auto
,7,3.694,29.79,27.88,,,,,10,32.454,1.3,0.01,4.8833,Dy_auto
,8,4.26,30.36,27.93,,,,,10,34.42,1.3,0.01,5.1791,Dy_auto
,9,4.836,30.93,27.92,,,,,10,32.147,1.3,0.01,4.8371,Dy_auto
,10,5.423,31.52,27.82,,,,,10,31.777,1.3,0.01,4.7814,Dy_auto
,11,6.02,32.12,27.87,,,,,10,31.08,1.3,0.01,4.6765,Dy_auto
,12,6.627,32.72,27.92,,,,,10,30.509,1.3,0.01,4.5906,Dy_auto
,13,7.246,33.34,27.91,,,,,10,31.986,1.3,0.01,4.8129,Dy_auto
,14,7.876,33.97,27.91,,,,,10,31.778,1.3,0.01,4.7815,Dy_auto
,15,8.516,34.61,27.91,,,,,10,32.543,1.3,0.01,4.8967,Dy_auto
,16,9.169,35.26,27.89,,,,,10,32.483,1.3,0.01,4.8877,Dy_auto
,17,9.833,35.93,27.82,,,,,10,31.24,1.3,0.01,4.7006,Dy_auto
,18,10.509,36.6,27.86,,,,,10,32.621,1.3,0.01,4.9085,Dy_auto
,19,11.197,37.29,27.9,,,,,10,30.733,1.3,0.01,4.6243,Dy_auto
,20,11.897,37.99,27.94,,,,,10,31.364,1.3,0.01,4.7193,Dy_auto
,21,12.61,38.71,27.86,,,,,10,29.722,1.3,0.01,4.4723,Dy_auto
,22,13.335,39.43,27.85,,,,,10,30.39,1.3,0.01,4.5727,Dy_auto
,23,14.074,40.17,27.89,,,,,10,31.559,1.3,0.01,4.7487,Dy_auto
,24,14.825,40.92,27.86,,,,,10,30.123,1.3,0.01,4.5326,Dy_auto
,25,15.59,41.69,27.87,,,,,10,30.916,1.3,0.01,4.6519,Dy_auto
,26,16.369,42.46,27.92,,,,,10,29.971,1.3,0.01,4.5097,Dy_auto
,27,17.162,43.26,27.95,,,,,10,29.777,1.3,0.01,4.4805,Dy_auto
,28,17.969,44.06,27.91,,,,,10,30.519,1.3,0.01,4.5922,Dy_auto
,29,18.79,44.89,27.94,,,,,10,32.097,1.3,0.01,4.8296,Dy_auto
,30,19.627,45.72,27.95,,,,,10,29.991,1.3,0.01,4.5128,Dy_auto
,31,20.478,46.57,27.96,,,,,10,30.334,1.3,0.01,4.5643,Dy_auto
,32,21.344,47.44,27.87,,,,,10,31.791,1.3,0.01,4.7835,Dy_auto
,33,22.226,48.32,27.92,,,,,10,30.441,1.3,0.01,4.5804,Dy_auto
,34,23.123,49.22,27.89,,,,,10,30.673,1.3,0.01,4.6153,Dy_auto
,35,24.037,50.13,27.86,,,,,10,29.953,1.3,0.01,4.5071,Dy_auto
,36,24.967,51.06,27.83,,,,,10,29.664,1.3,0.01,4.4635,Dy_auto
,37,25.913,52.01,27.89,,,,,10,30.229,1.3,0.01,4.5486,Dy_auto
,38,26.877,52.97,27.96,,,,,10,29.165,1.3,0.01,4.3884,Dy_auto
,39,27.857,53.95,27.83,,,,,10,29.156,1.3,0.01,4.3871,Dy_auto
,40,28.856,54.95,27.88,,,,,10,29.855,1.3,0.01,4.4923,Dy_auto
,41,29.872,55.97,27.92,,,,,10,30.411,1.3,0.01,4.5759,Dy_auto
,42,30.906,57,27.91,,,,,10,30.213,1.3,0.01,4.5461,Dy_auto
,43,31.959,58.05,27.83,,,,,10,29.637,1.3,0.01,4.4595,Dy_auto
,44,33.031,59.13,27.88,,,,,10,28.915,1.3,0.01,4.3509,Dy_auto
,45,34.121,60.22,27.89,,,,,10,30.143,1.3,0.01,4.5356,Dy_auto
,46,35.232,61.33,27.95,,,,,10,29.219,1.3,0.01,4.3966,Dy_auto
,47,36.362,62.46,27.86,,,,,10,29.36,1.3,0.01,4.4178,Dy_auto
,48,37.512,63.61,27.92,,,,,10,30.301,1.3,0.01,4.5594,Dy_auto
,49,38.683,64.78,27.93,,,,,10,29.458,1.3,0.01,4.4326,Dy_auto
,50,39.875,65.97,27.8,,,,,10,29.839,1.3,0.01,4.4899,Dy_auto
,51,41.088,67.18,27.9,,,,,10,29.543,1.3,0.01,4.4453,Dy_auto
,52,42.323,68.42,27.89,,,,,10,28.853,1.3,0.01,4.3414,Dy_auto
,53,43.58,69.68,27.87,,,,,10,28.681,1.3,0.01,4.3157,Dy_auto
,54,44.86,70.96,27.91,,,,,10,29.016,1.3,0.01,4.366,Dy_auto
,55,46.162,72.26,27.92,,,,,10,28.833,1.3,0.01,4.3384,Dy_auto
,56,47.488,73.58,27.83,,,,,10,28.178,1.3,0.01,4.2398,Dy_auto
,57,48.837,74.93,27.92,,,,,10,29.252,1.3,0.01,4.4015,Dy_auto
,58,50.211,76.31,27.91,,,,,10,29.476,1.3,0.01,4.4352,Dy_auto
,59,51.609,77.7,27.88,,,,,10,29.25,1.3,0.01,4.4012,Dy_auto
,60,53.032,79.13,27.92,,,,,10,28.457,1.3,0.01,4.282,Dy_auto
,61,54.48,80.58,27.91,,,,,10,28.834,1.3,0.01,4.3385,Dy_auto
,62,55.955,82.05,27.87,,,,,10,28.735,1.3,0.01,4.3237,Dy_auto
,63,57.456,83.55,27.91,,,,,10,29.253,1.3,0.01,4.4017,Dy_auto
,64,58.983,85.08,27.82,,,,,10,28.51,1.3,0.01,4.2898,Dy_auto
,65,60.538,86.63,27.91,,,,,10,28.634,1.3,0.01,4.3086,Dy_auto
,,,,,,,,,,,,,,
Test:,peg_r2,,,,,,,,,,,,,
,,,,,,,,,,,,,,
Result:,Time Sweep,,,,,,,,,,,,,
,,,,,,,,,,,,,,
Interval and data points:,1,10,,,,,,,,,,,,
Interval data:,Point No.,Time,Test Time,Temperature,Storage Modulus,Loss Modulus,Loss Factor,Complex Viscosity,Shear Strain,Shear Stress,Gap,Normal Force,Torque,Status
,,,,,,,,,,,,,,
,,[s],[s],[°C],[Pa],[Pa],[1],[mPa·s],[%],[Pa],[mm],[N],[µN·m],
,1,1,8.08,27.97,22017,1.1008,5E-05,3.5041E+06,0.789,173.76,1.35,0.01,26.146,"ME-,WMa,taD,TruStrain™"
,2,2,9.08,27.99,0.0151,301.99,2E+04,48064,1,3.0202,1.35,0.01,0.45444,"ME-,MV-,WMa,TruStrain™"
,3,3,10.08,27.97,1161.1,197.64,0.17,1.8745E+05,1,11.778,1.35,0.01,1.7722,"MV-,WMa,TruStrain™"
,4,4,11.08,28.01,460.42,72.069,0.157,74171,1,4.6673,1.35,0.01,0.70228,"WMa,TruStrain™"
,5,5,12.08,28.03,455.27,67.316,0.148,73246,1,4.6181,1.35,0.01,0.69488,"WMa,TruStrain™"
,6,6,13.08,27.91,472.97,56.356,0.119,75808,1,4.7838,1.35,0.01,0.71981,"WMa,TruStrain™"
,7,7,14.08,28.04,448.53,56.333,0.126,71946,1,4.5422,1.35,0.01,0.68345,"WMa,TruStrain™"
,8,8,15.08,28.04,457.1,51.977,0.114,73219,1,4.6234,1.35,0.01,0.69568,"WMa,TruStrain™"
,9,9,16.08,27.97,456.73,55.44,0.121,73225,1.01,4.624,1.35,0.01,0.69577,"WMa,TruStrain™"
,10,10,17.08,27.98,461.89,49.149,0.106,73926,1.01,4.6683,1.35,0.01,0.70244,"WMa,TruStrain™"
,,,,,,,,,,,,,,
Result:,Stress Relaxation,,,,,,,,,,,,,
,,,,,,,,,,,,,,
Interval and data points:,1,65,,,,,,,,,,,,
Interval data:,Point No.,Time,Test Time,Temperature,Storage Modulus,Loss Modulus,Loss Factor,Complex Viscosity,Shear Strain,Shear Stress,Gap,Normal Force,Torque,Status
,,,,,,,,,,,,,,
,,[s],[s],[°C],[Pa],[Pa],[1],[mPa·s],[%],[Pa],[mm],[N],[µN·m],
,1,0.5,26.97,27.95,,,,,10,37.179,1.35,0.01,5.5942,Dy_auto
,2,1.009,27.48,27.95,,,,,10,34.559,1.35,0.01,5.2,Dy_auto
,3,1.527,28,28,,,,,10,37.979,1.35,0.01,5.7147,Dy_auto
,4,2.055,28.53,28.01,,,,,10,35.215,1.35,0.01,5.2988,Dy_auto
,5,2.592,29.06,28,,,,,10,35.488,1.35,0.01,5.3399,Dy_auto
,6,3.138,29.61,28.05,,,,,10,33.441,1.35,0.01,5.0319,Dy_auto
,7,3.694,30.17,27.97,,,,,10,35.795,1.35,0.01,5.386,Dy_auto
,8,4.26,30.73,27.89,,,,,10,35.287,1.35,0.01,5.3097,Dy_auto
,9,4.836,31.31,27.99,,,,,10,34.252,1.35,0.01,5.1538,Dy_auto
,10,5.423,31.9,28.03,,,,,10,33.138,1.35,0.01,4.9863,Dy_auto
,11,6.02,32.49,27.96,,,,,10,33.204,1.35,0.01,4.9961,Dy_auto
,12,6.627,33.1,28.05,,,,,10,35.146,1.35,0.01,5.2883,Dy_auto
,13,7.246,33.72,27.96,,,,,10,34.248,1.35,0.01,5.1533,Dy_auto
,14,7.876,34.35,27.97,,,,,10,36.1,1.35,0.01,5.432,Dy_auto
,15,8.516,34.99,27.98,,,,,10,34.128,1.35,0.01,5.1352,Dy_auto
,16,9.169,35.64,27.99,,,,,10,34.191,1.35,0.01,5.1447,Dy_auto
,17,9.833,36.31,28.03,,,,,10,33.264,1.35,0.01,5.0052,Dy_auto
,18,10.509,36.98,28.02,,,,,10,33.49,1.35,0.01,5.0392,Dy_auto
,19,11.197,37.67,27.99,,,,,10,33.519,1.35,0.01,5.0435,Dy_auto
,20,11.897,38.37,27.96,,,,,10,32.065,1.35,0.01,4.8247,Dy_auto
,21,12.61,39.08,28.03,,,,,10,34.023,1.35,0.01,5.1194,Dy_auto
,22,13.335,39.81,28.06,,,,,10,32.721,1.35,0.01,4.9235,Dy_auto
,23,14.074,40.55,27.97,,,,,10,33.767,1.35,0.01,5.0809,Dy_auto
,24,14.825,41.3,27.95,,,,,10,34.369,1.35,0.01,5.1715,Dy_auto
,25,15.59,42.06,27.99,,,,,10,32.389,1.35,0.01,4.8735,Dy_auto
,26,16.369,42.84,28.02,,,,,10,33.484,1.35,0.01,5.0383,Dy_auto
,27,17.162,43.63,28.03,,,,,10,33.805,1.35,0.01,5.0866,Dy_auto
,28,17.969,44.44,27.99,,,,,10,33.194,1.35,0.01,4.9946,Dy_auto
,29,18.79,45.26,27.99,,,,,10,33.085,1.35,0.01,4.9782,Dy_auto
,30,19.627,46.1,28.02,,,,,10,32.898,1.35,0.01,4.9502,Dy_auto
,31,20.478,46.95,28.02,,,,,10,33.136,1.35,0.01,4.9859,Dy_auto
,32,21.344,47.82,27.97,,,,,10,33.289,1.35,0.01,5.009,Dy_auto
,33,22.226,48.7,27.94,,,,,10,33.533,1.35,0.01,5.0457,Dy_auto
,34,23.123,49.6,28.01,,,,,10,32.332,1.35,0.01,4.8649,Dy_auto
,35,24.037,50.51,28.03,,,,,10,32.022,1.35,0.01,4.8183,Dy_auto
,36,24.967,51.44,27.98,,,,,10,32.598,1.35,0.01,4.905,Dy_auto
,37,25.913,52.39,27.98,,,,,10,31.719,1.35,0.01,4.7728,Dy_auto
,38,26.877,53.35,28.03,,,,,10,32.508,1.35,0.01,4.8914,Dy_auto
,39,27.857,54.33,28.02,,,,,10,32.164,1.35,0.01,4.8397,Dy_auto
,40,28.856,55.33,27.97,,,,,10,32.151,1.35,0.01,4.8377,Dy_auto
,41,29.872,56.34,28.02,,,,,10,31.982,1.35,0.01,4.8123,Dy_auto
,42,30.906,57.38,28,,,,,10,32.473,1.35,0.01,4.8862,Dy_auto
,43,31.959,58.43,28,,,,,10,32.136,1.35,0.01,4.8354,Dy_auto
,44,33.031,59.5,27.97,,,,,10,32.687,1.35,0.01,4.9183,Dy_auto
,45,34.121,60.59,27.97,,,,,10,32.165,1.35,0.01,4.8398,Dy_auto
,46,35.232,61.7,27.99,,,,,10,31.336,1.35,0.01,4.7151,Dy_auto
,47,36.362,62.83,27.98,,,,,10,32.104,1.35,0.01,4.8306,Dy_auto
,48,37.512,63.98,28,,,,,10,31.957,1.35,0.01,4.8086,Dy_auto
,49,38.683,65.16,27.99,,,,,10,32.202,1.35,0.01,4.8454,Dy_auto
,50,39.875,66.35,28.02,,,,,10,32.145,1.35,0.01,4.8368,Dy_auto
,51,41.088,67.56,28,,,,,10,31.653,1.35,0.01,4.7628,Dy_auto
,52,42.323,68.8,28.02,,,,,10,31.357,1.35,0.01,4.7183,Dy_auto
,53,43.58,70.05,27.94,,,,,10,31.082,1.35,0.01,4.6768,Dy_auto
,54,44.86,71.33,28,,,,,10,32.062,1.35,0.01,4.8243,Dy_auto
,55,46.162,72.63,28.01,,,,,10,31.475,1.35,0.01,4.7361,Dy_auto
,56,47.488,73.96,27.98,,,,,10,31.526,1.35,0.01,4.7436,Dy_auto
,57,48.837,75.31,28.02,,,,,10,31.128,1.35,0.01,4.6839,Dy_auto
,58,50.211,76.68,28,,,,,10,31.502,1.35,0.01,4.7401,Dy_auto
,59,51.609,78.08,27.97,,,,,10,31.531,1.35,0.01,4.7445,Dy_auto
,60,53.032,79.5,28.02,,,,,10,31.718,1.35,0.01,4.7725,Dy_auto
,61,54.48,80.95,27.93,,,,,10,31.623,1.35,0.01,4.7583,Dy_auto
,62,55.955,82.43,28,,,,,10,31.024,1.35,0.01,4.6682,Dy_auto
,63,57.456,83.93,28.01,,,,,10,31.317,1.35,0.01,4.7122,Dy_auto
,64,58.983,85.46,27.99,,,,,10,31.434,1.35,0.01,4.7299,Dy_auto
,65,60.538,87.01,28.01,,,,,10,31.55,1.35,0.01,4.7473,Dy_auto
,,,,,,,,,,,,,,
Test:,peg_r3,,,,,,,,,,,,,
,,,,,,,,,,,,,,
Result:,Time Sweep,,,,,,,,,,,,,
,,,,,,,,,,,,,,
Interval and data points:,1,10,,,,,,,,,,,,
Interval data:,Point No.,Time,Test Time,Temperature,Storage Modulus,Loss Modulus,Loss Factor,Complex Viscosity,Shear Strain,Shear Stress,Gap,Normal Force,Torque,Status
,,,,,,,,,,,,,,
,,[s],[s],[°C],[Pa],[Pa],[1],[mPa·s],[%],[Pa],[mm],[N],[µN·m],
,1,1,7.259,28.04,22075,1.1037,5E-05,3.5133E+06,0.789,174.21,1.35,0.01,26.214,"ME-,WMa,taD,TruStrain™"
,2,2,8.259,28.05,0.016509,330.17,2E+04,52549,1,3.302,1.35,0.01,0.49685,"ME-,MV-,WMa,TruStrain™"
,3,3,9.259,28.1,1059,221.3,0.209,1.7218E+05,1,10.819,1.35,0.01,1.6279,"MV-,WMa,TruStrain™"
,4,4,10.26,28.12,453.07,44.977,0.0993,72463,1,4.5598,1.35,0.01,0.68611,"WMa,TruStrain™"
,5,5,11.26,28.08,393.26,65.211,0.166,63444,1,4.0001,1.35,0.01,0.60189,"WMa,TruStrain™"
,6,6,12.26,28.06,444.63,46.605,0.105,71153,1,4.49,1.35,0.01,0.67561,"WMa,TruStrain™"
,7,7,13.26,28.09,434.4,51.838,0.119,69628,1,4.3958,1.35,0.01,0.66143,"WMa,TruStrain™"
,8,8,14.26,28.09,422.47,55.079,0.13,67808,1,4.2817,1.35,0.01,0.64426,"WMa,TruStrain™"
,9,9,15.26,28.07,432.31,49.928,0.115,69262,1.01,4.3738,1.35,0.01,0.65811,"WMa,TruStrain™"
,10,10,16.26,28.06,424.42,51.141,0.12,68037,1.01,4.2965,1.35,0.01,0.64648,"WMa,TruStrain™"
,,,,,,,,,,,,,,
Result:,Stress Relaxation,,,,,,,,,,,,,
,,,,,,,,,,,,,,
Interval and data points:,1,65,,,,,,,,,,,,
Interval data:,Point No.,Time,Test Time,Temperature,Storage Modulus,Loss Modulus,Loss Factor,Complex Viscosity,Shear Strain,Shear Stress,Gap,Normal Force,Torque,Status
,,,,,,,,,,,,,,
,,[s],[s],[°C],[Pa],[Pa],[1],[mPa·s],[%],[Pa],[mm],[N],[µN·m],
,1,0.5,26.65,28.05,,,,,10,32.879,1.35,0.01,4.9473,Dy_auto
,2,1.009,27.16,28.05,,,,,10,30.25,1.35,0.01,4.5516,Dy_auto
,3,1.527,27.68,28.05,,,,,10,30.829,1.35,0.01,4.6388,Dy_auto
,4,2.055,28.21,28.11,,,,,10,32.01,1.35,0.01,4.8165,Dy_auto
,5,2.592,28.74,28.11,,,,,10,31.61,1.35,0.01,4.7564,Dy_auto
,6,3.138,29.29,28.06,,,,,10,31.196,1.35,0.01,4.694,Dy_auto
,7,3.694,29.85,28.1,,,,,10,30.719,1.35,0.01,4.6223,Dy_auto
,8,4.26,30.41,28.07,,,,,10,30.793,1.35,0.01,4.6333,Dy_auto
,9,4.836,30.99,28.08,,,,,10,31.373,1.35,0.01,4.7207,Dy_auto
,10,5.423,31.58,28.12,,,,,10,30.545,1.35,0.01,4.5961,Dy_auto
,11,6.02,32.17,28.12,,,,,10,29.775,1.35,0.01,4.4802,Dy_auto
,12,6.627,32.78,28.07,,,,,10,29.919,1.35,0.01,4.5019,Dy_auto
,13,7.246,33.4,28.07,,,,,10,30.605,1.35,0.01,4.6051,Dy_auto
,14,7.876,34.03,28.04,,,,,10,29.008,1.35,0.01,4.3647,Dy_auto
,15,8.516,34.67,28.04,,,,,10,28.303,1.35,0.01,4.2587,Dy_auto
,16,9.169,35.32,28.06,,,,,10,30.366,1.35,0.01,4.5692,Dy_auto
,17,9.833,35.99,28.09,,,,,10,30.701,1.35,0.01,4.6195,Dy_auto
,18,10.509,36.66,28.12,,,,,10,28.115,1.35,0.01,4.2305,Dy_auto
,19,11.197,37.35,28.06,,,,,10,28.695,1.35,0.01,4.3177,Dy_auto
,20,11.897,38.05,28.04,,,,,10,30.346,1.35,0.01,4.5661,Dy_auto
,21,12.61,38.76,28.12,,,,,10,29.419,1.35,0.01,4.4267,Dy_auto
,22,13.335,39.49,28.15,,,,,10,28.801,1.35,0.01,4.3336,Dy_auto
,23,14.074,40.23,28.07,,,,,10,27.554,1.35,0.01,4.146,Dy_auto
,24,14.825,40.98,28.03,,,,,10,28.192,1.35,0.01,4.2421,Dy_auto
,25,15.59,41.74,28.07,,,,,10,28.274,1.35,0.01,4.2544,Dy_auto
,26,16.369,42.52,28.05,,,,,10,29.55,1.35,0.01,4.4463,Dy_auto
,27,17.162,43.31,28.05,,,,,10,28.041,1.35,0.01,4.2194,Dy_auto
,28,17.969,44.12,28.09,,,,,10,27.976,1.35,0.01,4.2095,Dy_auto
,29,18.79,44.94,28.12,,,,,10,28.274,1.35,0.01,4.2544,Dy_auto
,30,19.627,45.78,28.11,,,,,10,28.187,1.35,0.01,4.2413,Dy_auto
,31,20.478,46.63,28.1,,,,,10,28.663,1.35,0.01,4.3128,Dy_auto
,32,21.344,47.5,28.09,,,,,10,29.726,1.35,0.01,4.4729,Dy_auto
,33,22.226,48.38,28.11,,,,,10,28.83,1.35,0.01,4.338,Dy_auto
,34,23.123,49.28,28.02,,,,,10,27.761,1.35,0.01,4.1771,Dy_auto
,35,24.037,50.19,27.99,,,,,10,28.58,1.35,0.01,4.3004,Dy_auto
,36,24.967,51.12,28.06,,,,,10,28.505,1.35,0.01,4.2891,Dy_auto
,37,25.913,52.07,27.99,,,,,10,27.346,1.35,0.01,4.1148,Dy_auto
,38,26.877,53.03,28.09,,,,,10,28.241,1.35,0.01,4.2493,Dy_auto
,39,27.857,54.01,28.09,,,,,10,27.548,1.35,0.01,4.1451,Dy_auto
,40,28.856,55.01,28.14,,,,,10,27.946,1.35,0.01,4.205,Dy_auto
,41,29.872,56.02,28.04,,,,,10,27.429,1.35,0.01,4.1272,Dy_auto
,42,30.906,57.06,28.07,,,,,10,27.794,1.35,0.01,4.1821,Dy_auto
,43,31.959,58.11,28.08,,,,,10,28.331,1.35,0.01,4.263,Dy_auto
,44,33.031,59.18,28.02,,,,,10,28.206,1.35,0.01,4.2441,Dy_auto
,45,34.121,60.27,28.1,,,,,10,28.177,1.35,0.01,4.2397,Dy_auto
,46,35.232,61.38,28.1,,,,,10,27.697,1.35,0.01,4.1676,Dy_auto
,47,36.362,62.51,28.09,,,,,10,28.12,1.35,0.01,4.2312,Dy_auto
,48,37.512,63.66,28.03,,,,,10,27.626,1.35,0.01,4.1568,Dy_auto
,49,38.683,64.84,28.1,,,,,10,27.724,1.35,0.01,4.1715,Dy_auto
,50,39.875,66.03,28.05,,,,,10,27.375,1.35,0.01,4.1191,Dy_auto
,51,41.088,67.24,28.04,,,,,10,26.778,1.35,0.01,4.0293,Dy_auto
,52,42.323,68.48,28.1,,,,,10,28.524,1.35,0.01,4.2919,Dy_auto
,53,43.58,69.73,28.07,,,,,10,27.294,1.35,0.01,4.1069,Dy_auto
,54,44.86,71.01,28.04,,,,,10,27.328,1.35,0.01,4.112,Dy_auto
,55,46.162,72.31,28.07,,,,,10,27.808,1.35,0.01,4.1842,Dy_auto
,56,47.488,73.64,28.1,,,,,10,27.09,1.35,0.01,4.0763,Dy_auto
,57,48.837,74.99,28.04,,,,,10,27.576,1.35,0.01,4.1494,Dy_auto
,58,50.211,76.36,28.1,,,,,10,27.741,1.35,0.01,4.1742,Dy_auto
,59,51.609,77.76,28.02,,,,,10,27.06,1.35,0.01,4.0717,Dy_auto
,60,53.032,79.18,28.09,,,,,10,27.17,1.35,0.01,4.0883,Dy_auto
,61,54.48,80.63,28.12,,,,,10,27.311,1.35,0.01,4.1094,Dy_auto
,62,55.955,82.11,28.06,,,,,10,27.198,1.35,0.01,4.0924,Dy_auto
,63,57.456,83.61,28.09,,,,,10,27.078,1.35,0.01,4.0744,Dy_auto
,64,58.983,85.14,28.07,,,,,10,26.855,1.35,0.01,4.0409,Dy_auto
,65,60.538,86.69,28.06,,,,,10,27.451,1.35,0.01,4.1305,Dy_auto
,,,,,,,,,,,,,,
Test:,peg_r4,,,,,,,,,,,,,
,,,,,,,,,,,,,,
Result:,Time Sweep,,,,,,,,,,,,,
,,,,,,,,,,,,,,
Interval and data points:,1,10,,,,,,,,,,,,
Interval data:,Point No.,Time,Test Time,Temperature,Storage Modulus,Loss Modulus,Loss Factor,Complex Viscosity,Shear Strain,Shear Stress,Gap,Normal Force,Torque,Status
,,,,,,,,,,,,,,
,,[s],[s],[°C],[Pa],[Pa],[1],[mPa·s],[%],[Pa],[mm],[N],[µN·m],
,1,1,7.933,28.15,21262,1.0631,5E-05,3.3839E+06,0.789,167.79,1.35,0.01,25.248,"ME-,WMa,taD,TruStrain™"
,2,2,8.933,28.12,0.016814,336.29,2E+04,53522,1,3.3631,1.35,0.01,0.50605,"ME-,MV-,WMa,TruStrain™"
,3,3,9.933,28.12,982.77,173.08,0.176,1.5882E+05,1,9.9794,1.35,0.01,1.5016,"MV-,WMa,TruStrain™"
,4,4,10.93,28.13,383.54,68.087,0.178,61996,1,3.9011,1.35,0.01,0.587,"WMa,TruStrain™"
,5,5,11.93,28.17,401.84,65.418,0.163,64798,1,4.0855,1.35,0.01,0.61473,"WMa,TruStrain™"
,6,6,12.93,28.14,413.05,52.546,0.127,66268,1,4.1817,1.35,0.01,0.62922,"WMa,TruStrain™"
,7,7,13.93,28.12,413.78,42.135,0.102,66196,1,4.1792,1.35,0.01,0.62883,"WMa,TruStrain™"
,8,8,14.93,28.15,392.38,55.232,0.141,63064,1,3.9822,1.35,0.01,0.59919,"WMa,TruStrain™"
,9,9,15.93,28.19,411.64,49.807,0.121,65993,1.01,4.1673,1.35,0.01,0.62705,"WMa,TruStrain™"
,10,10,16.93,28.17,402.67,52.004,0.129,64618,1.01,4.0806,1.35,0.01,0.614,"WMa,TruStrain™"
,,,,,,,,,,,,,,
Result:,Stress Relaxation,,,,,,,,,,,,,
,,,,,,,,,,,,,,
Interval and data points:,1,65,,,,,,,,,,,,
Interval data:,Point No.,Time,Test Time,Temperature,Storage Modulus,Loss Modulus,Loss Factor,Complex Viscosity,Shear Strain,Shear Stress,Gap,Normal Force,Torque,Status
,,,,,,,,,,,,,,
,,[s],[s],[°C],[Pa],[Pa],[1],[mPa·s],[%],[Pa],[mm],[N],[µN·m],
,1,0.5,27.1,28.1,,,,,10,38.137,1.35,0.01,5.7384,Dy_auto
,2,1.009,27.61,28.1,,,,,10,35.105,1.35,0.01,5.2822,Dy_auto
,3,1.527,28.13,28.11,,,,,10,36.833,1.35,0.01,5.5422,Dy_auto
,4,2.055,28.66,28.09,,,,,10,35.742,1.35,0.01,5.378,Dy_auto
,5,2.592,29.2,28.1,,,,,10,34.567,1.35,0.01,5.2012,Dy_auto
,6,3.138,29.74,28.11,,,,,10,35.169,1.35,0.01,5.2918,Dy_auto
,7,3.694,30.3,28.18,,,,,10,34.255,1.35,0.01,5.1543,Dy_auto
,8,4.26,30.86,28.18,,,,,10,36.484,1.35,0.01,5.4898,Dy_auto
,9,4.836,31.44,28.09,,,,,10,32.091,1.35,0.01,4.8286,Dy_auto
,10,5.423,32.03,28.17,,,,,10,34.446,1.35,0.01,5.183,Dy_auto
,11,6.02,32.62,28.13,,,,,10,34.682,1.35,0.01,5.2186,Dy_auto
,12,6.627,33.23,28.1,,,,,10,32.845,1.35,0.01,4.9422,Dy_auto
,13,7.246,33.85,28.15,,,,,10,33.505,1.35,0.01,5.0415,Dy_auto
,14,7.876,34.48,28.16,,,,,10,32.561,1.35,0.01,4.8994,Dy_auto
,15,8.516,35.12,28.16,,,,,10,33.904,1.35,0.01,5.1014,Dy_auto
,16,9.169,35.77,28.07,,,,,10,33.747,1.35,0.01,5.0778,Dy_auto
,17,9.833,36.44,28.14,,,,,10,32.651,1.35,0.01,4.913,Dy_auto
,18,10.509,37.11,28.19,,,,,10,33.088,1.35,0.01,4.9787,Dy_auto
,19,11.197,37.8,28.15,,,,,10,32.45,1.35,0.01,4.8827,Dy_auto
,20,11.897,38.5,28.11,,,,,10,32.798,1.35,0.01,4.935,Dy_auto
,21,12.61,39.21,28.14,,,,,10,32.361,1.35,0.01,4.8694,Dy_auto
,22,13.335,39.94,28.14,,,,,10,31.89,1.35,0.01,4.7985,Dy_auto
,23,14.074,40.68,28.16,,,,,10,31.228,1.35,0.01,4.6989,Dy_auto
,24,14.825,41.43,28.18,,,,,10,31.203,1.35,0.01,4.6951,Dy_auto
,25,15.59,42.19,28.17,,,,,10,31.842,1.35,0.01,4.7912,Dy_auto
,26,16.369,42.97,28.15,,,,,10,30.682,1.35,0.01,4.6166,Dy_auto
,27,17.162,43.77,28.14,,,,,10,32.405,1.35,0.01,4.876,Dy_auto
,28,17.969,44.57,28.17,,,,,10,31.722,1.35,0.01,4.7732,Dy_auto
,29,18.79,45.39,28.17,,,,,10,32.085,1.35,0.01,4.8279,Dy_auto
,30,19.627,46.23,28.17,,,,,10,30.585,1.35,0.01,4.602,Dy_auto
,31,20.478,47.08,28.11,,,,,10,31.733,1.35,0.01,4.7749,Dy_auto
,32,21.344,47.95,28.13,,,,,10,31.395,1.35,0.01,4.724,Dy_auto
,33,22.226,48.83,28.15,,,,,10,32.215,1.35,0.01,4.8473,Dy_auto
,34,23.123,49.73,28.21,,,,,10,31.117,1.35,0.01,4.6821,Dy_auto
,35,24.037,50.64,28.06,,,,,10,32.005,1.35,0.01,4.8158,Dy_auto
,36,24.967,51.57,28.14,,,,,10,31.408,1.35,0.01,4.7259,Dy_auto
,37,25.913,52.52,28.16,,,,,10,30.843,1.35,0.01,4.6409,Dy_auto
,38,26.877,53.48,28.18,,,,,10,31.305,1.35,0.01,4.7105,Dy_auto
,39,27.857,54.46,28.18,,,,,10,30.938,1.35,0.01,4.6551,Dy_auto
,40,28.856,55.46,28.1,,,,,10,30.524,1.35,0.01,4.5929,Dy_auto
,41,29.872,56.48,28.16,,,,,10,30.961,1.35,0.01,4.6587,Dy_auto
,42,30.906,57.51,28.16,,,,,10,30.142,1.35,0.01,4.5354,Dy_auto
,43,31.959,58.56,28.11,,,,,10,30.579,1.35,0.01,4.6012,Dy_auto
,44,33.031,59.64,28.15,,,,,10,30.928,1.35,0.01,4.6536,Dy_auto
,45,34.121,60.73,28.1,,,,,10,30.658,1.35,0.01,4.613,Dy_auto
,46,35.232,61.84,28.17,,,,,10,30.655,1.35,0.01,4.6126,Dy_auto
,47,36.362,62.97,28.1,,,,,10,31.158,1.35,0.01,4.6883,Dy_auto
,48,37.512,64.12,28.14,,,,,10,30.95,1.35,0.01,4.657,Dy_auto
,49,38.683,65.29,28.21,,,,,10,30.649,1.35,0.01,4.6118,Dy_auto
,50,39.875,66.48,28.08,,,,,10,30.673,1.35,0.01,4.6154,Dy_auto
,51,41.088,67.69,28.15,,,,,10,30.784,1.35,0.01,4.6321,Dy_auto
,52,42.323,68.93,28.14,,,,,10,30.622,1.35,0.01,4.6076,Dy_auto
,53,43.58,70.18,28.08,,,,,10,29.874,1.35,0.01,4.495,Dy_auto
,54,44.86,71.46,28.16,,,,,10,30.026,1.35,0.01,4.518,Dy_auto
,55,46.162,72.77,28.16,,,,,10,30.006,1.35,0.01,4.515,Dy_auto
,56,47.488,74.09,28.13,,,,,10,29.268,1.35,0.01,4.404,Dy_auto
,57,48.837,75.44,28.19,,,,,10,29.494,1.35,0.01,4.438,Dy_auto
,58,50.211,76.82,28.14,,,,,10,29.913,1.35,0.01,4.501,Dy_auto
,59,51.609,78.21,28.09,,,,,10,30.574,1.35,0.01,4.6004,Dy_auto
,60,53.032,79.64,28.16,,,,,10,30.21,1.35,0.01,4.5457,Dy_auto
,61,54.48,81.08,28.17,,,,,10,30.102,1.35,0.01,4.5295,Dy_auto
,62,55.955,82.56,28.16,,,,,10,29.768,1.35,0.01,4.4791,Dy_auto
,63,57.456,84.06,28.09,,,,,10,30.384,1.35,0.01,4.5719,Dy_auto
,64,58.983,85.59,28.1,,,,,10,30.131,1.35,0.01,4.5338,Dy_auto
,65,60.538,87.14,28.14,,,,,10,30.114,1.35,0.01,4.5312,Dy_auto
