,area,labels,file,fov,well,roi
0,458.0,1,"/mnt/z/James/norbornene homopolymerization/same_mechanics/241215_132704_jg_ve_norha_mw_encapsulation_mech_match_liveDead_40k_60k/241215_133638_Plate 1/#24B2362280_ZProj/C1ROI1_-2_2_1_ZProj[Confocal TRITC 556,600]_001.tif",/mnt/z/James/norbornene homopolymerization/same_mechanics/241215_132704_jg_ve_norha_mw_encapsulation_mech_match_liveDead_40k_60k/241215_133638_Plate 1/#24B2362280_ZProj/C1ROI1,C1,1
1,144.0,2,"/mnt/z/James/norbornene homopolymerization/same_mechanics/241215_132704_jg_ve_norha_mw_encapsulation_mech_match_liveDead_40k_60k/241215_133638_Plate 1/#24B2362280_ZProj/C1ROI1_-2_2_1_ZProj[Confocal TRITC 556,600]_001.tif",/mnt/z/James/norbornene homopolymerization/same_mechanics/241215_132704_jg_ve_norha_mw_encapsulation_mech_match_liveDead_40k_60k/241215_133638_Plate 1/#24B2362280_ZProj/C1ROI1,C1,1
0,93.0,1,"/mnt/z/James/norbornene homopolymerization/same_mechanics/241215_132704_jg_ve_norha_mw_encapsulation_mech_match_liveDead_40k_60k/241215_133638_Plate 1/#24B2362280_ZProj/D3ROI5_-2_2_1_ZProj[Confocal TRITC 556,600]_001.tif",/mnt/z/James/norbornene homopolymerization/same_mechanics/241215_132704_jg_ve_norha_mw_encapsulation_mech_match_liveDead_40k_60k/241215_133638_Plate 1/#24B2362280_ZProj/D3ROI5,D3,5
1,26.0,2,"/mnt/z/James/norbornene homopolymerization/same_mechanics/241215_132704_jg_ve_norha_mw_encapsulation_mech_match_liveDead_40k_60k/241215_133638_Plate 1/#24B2362280_ZProj/D3ROI5_-2_2_1_ZProj[Confocal TRITC 556,600]_001.tif",/mnt/z/James/norbornene homopolymerization/same_mechanics/241215_132704_jg_ve_norha_mw_encapsulation_mech_match_liveDead_40k_60k/241215_133638_Plate 1/#24B2362280_ZProj/D3ROI5,D3,5
2,81.0,3,"/mnt/z/James/norbornene homopolymerization/same_mechanics/241215_132704_jg_ve_norha_mw_encapsulation_mech_match_liveDead_40k_60k/241215_133638_Plate 1/#24B2362280_ZProj/D3ROI5_-2_2_1_ZProj[Confocal TRITC 556,600]_001.tif",/mnt/z/James/norbornene homopolymerization/same_mechanics/241215_132704_jg_ve_norha_mw_encapsulation_mech_match_liveDead_40k_60k/241215_133638_Plate 1/#24B2362280_ZProj/D3ROI5,D3,5
3,340.0,4,"/mnt/z/James/norbornene homopolymerization/same_mechanics/241215_132704_jg_ve_norha_mw_encapsulation_mech_match_liveDead_40k_60k/241215_133638_Plate 1/#24B2362280_ZProj/D3ROI5_-2_2_1_ZProj[Confocal TRITC 556,600]_001.tif",/mnt/z/James/norbornene homopolymerization/same_mechanics/241215_132704_jg_ve_norha_mw_encapsulation_mech_match_liveDead_40k_60k/241215_133638_Plate 1/#24B2362280_ZProj/D3ROI5,D3,5
4,247.0,5,"/mnt/z/James/norbornene homopolymerization/same_mechanics/241215_132704_jg_ve_norha_mw_encapsulation_mech_match_liveDead_40k_60k/241215_133638_Plate 1/#24B2362280_ZProj/D3ROI5_-2_2_1_ZProj[Confocal TRITC 556,600]_001.tif",/mnt/z/James/norbornene homopolymerization/same_mechanics/241215_132704_jg_ve_norha_mw_encapsulation_mech_match_liveDead_40k_60k/241215_133638_Plate 1/#24B2362280_ZProj/D3ROI5,D3,5
5,188.0,6,"/mnt/z/James/norbornene homopolymerization/same_mechanics/241215_132704_jg_ve_norha_mw_encapsulation_mech_match_liveDead_40k_60k/241215_133638_Plate 1/#24B2362280_ZProj/D3ROI5_-2_2_1_ZProj[Confocal TRITC 556,600]_001.tif",/mnt/z/James/norbornene homopolymerization/same_mechanics/241215_132704_jg_ve_norha_mw_encapsulation_mech_match_liveDead_40k_60k/241215_133638_Plate 1/#24B2362280_ZProj/D3ROI5,D3,5
0,214.0,1,"/mnt/z/James/norbornene homopolymerization/same_mechanics/241215_132704_jg_ve_norha_mw_encapsulation_mech_match_liveDead_40k_60k/241215_133638_Plate 1/#24B2362280_ZProj/D2ROI2_-2_2_1_ZProj[Confocal TRITC 556,600]_001.tif",/mnt/z/James/norbornene homopolymerization/same_mechanics/241215_132704_jg_ve_norha_mw_encapsulation_mech_match_liveDead_40k_60k/241215_133638_Plate 1/#24B2362280_ZProj/D2ROI2,D2,2
1,205.0,2,"/mnt/z/James/norbornene homopolymerization/same_mechanics/241215_132704_jg_ve_norha_mw_encapsulation_mech_match_liveDead_40k_60k/241215_133638_Plate 1/#24B2362280_ZProj/D2ROI2_-2_2_1_ZProj[Confocal TRITC 556,600]_001.tif",/mnt/z/James/norbornene homopolymerization/same_mechanics/241215_132704_jg_ve_norha_mw_encapsulation_mech_match_liveDead_40k_60k/241215_133638_Plate 1/#24B2362280_ZProj/D2ROI2,D2,2
0,706.0,1,"/mnt/z/James/norbornene homopolymerization/same_mechanics/241215_132704_jg_ve_norha_mw_encapsulation_mech_match_liveDead_40k_60k/241215_133638_Plate 1/#24B2362280_ZProj/D3ROI2_-2_2_1_ZProj[Confocal TRITC 556,600]_001.tif",/mnt/z/James/norbornene homopolymerization/same_mechanics/241215_132704_jg_ve_norha_mw_encapsulation_mech_match_liveDead_40k_60k/241215_133638_Plate 1/#24B2362280_ZProj/D3ROI2,D3,2
0,464.0,1,"/mnt/z/James/norbornene homopolymerization/same_mechanics/241215_132704_jg_ve_norha_mw_encapsulation_mech_match_liveDead_40k_60k/241215_133638_Plate 1/#24B2362280_ZProj/D1ROI5_-2_2_1_ZProj[Confocal TRITC 556,600]_001.tif",/mnt/z/James/norbornene homopolymerization/same_mechanics/241215_132704_jg_ve_norha_mw_encapsulation_mech_match_liveDead_40k_60k/241215_133638_Plate 1/#24B2362280_ZProj/D1ROI5,D1,5
1,683.0,2,"/mnt/z/James/norbornene homopolymerization/same_mechanics/241215_132704_jg_ve_norha_mw_encapsulation_mech_match_liveDead_40k_60k/241215_133638_Plate 1/#24B2362280_ZProj/D1ROI5_-2_2_1_ZProj[Confocal TRITC 556,600]_001.tif",/mnt/z/James/norbornene homopolymerization/same_mechanics/241215_132704_jg_ve_norha_mw_encapsulation_mech_match_liveDead_40k_60k/241215_133638_Plate 1/#24B2362280_ZProj/D1ROI5,D1,5
2,481.0,3,"/mnt/z/James/norbornene homopolymerization/same_mechanics/241215_132704_jg_ve_norha_mw_encapsulation_mech_match_liveDead_40k_60k/241215_133638_Plate 1/#24B2362280_ZProj/D1ROI5_-2_2_1_ZProj[Confocal TRITC 556,600]_001.tif",/mnt/z/James/norbornene homopolymerization/same_mechanics/241215_132704_jg_ve_norha_mw_encapsulation_mech_match_liveDead_40k_60k/241215_133638_Plate 1/#24B2362280_ZProj/D1ROI5,D1,5
0,1163.0,1,"/mnt/z/James/norbornene homopolymerization/same_mechanics/241215_132704_jg_ve_norha_mw_encapsulation_mech_match_liveDead_40k_60k/241215_133638_Plate 1/#24B2362280_ZProj/C1ROI5_-2_2_1_ZProj[Confocal TRITC 556,600]_001.tif",/mnt/z/James/norbornene homopolymerization/same_mechanics/241215_132704_jg_ve_norha_mw_encapsulation_mech_match_liveDead_40k_60k/241215_133638_Plate 1/#24B2362280_ZProj/C1ROI5,C1,5
1,561.0,2,"/mnt/z/James/norbornene homopolymerization/same_mechanics/241215_132704_jg_ve_norha_mw_encapsulation_mech_match_liveDead_40k_60k/241215_133638_Plate 1/#24B2362280_ZProj/C1ROI5_-2_2_1_ZProj[Confocal TRITC 556,600]_001.tif",/mnt/z/James/norbornene homopolymerization/same_mechanics/241215_132704_jg_ve_norha_mw_encapsulation_mech_match_liveDead_40k_60k/241215_133638_Plate 1/#24B2362280_ZProj/C1ROI5,C1,5
0,190.0,1,"/mnt/z/James/norbornene homopolymerization/same_mechanics/241215_132704_jg_ve_norha_mw_encapsulation_mech_match_liveDead_40k_60k/241215_133638_Plate 1/#24B2362280_ZProj/C3ROI3_-2_2_1_ZProj[Confocal TRITC 556,600]_001.tif",/mnt/z/James/norbornene homopolymerization/same_mechanics/241215_132704_jg_ve_norha_mw_encapsulation_mech_match_liveDead_40k_60k/241215_133638_Plate 1/#24B2362280_ZProj/C3ROI3,C3,3
1,290.0,2,"/mnt/z/James/norbornene homopolymerization/same_mechanics/241215_132704_jg_ve_norha_mw_encapsulation_mech_match_liveDead_40k_60k/241215_133638_Plate 1/#24B2362280_ZProj/C3ROI3_-2_2_1_ZProj[Confocal TRITC 556,600]_001.tif",/mnt/z/James/norbornene homopolymerization/same_mechanics/241215_132704_jg_ve_norha_mw_encapsulation_mech_match_liveDead_40k_60k/241215_133638_Plate 1/#24B2362280_ZProj/C3ROI3,C3,3
2,269.0,3,"/mnt/z/James/norbornene homopolymerization/same_mechanics/241215_132704_jg_ve_norha_mw_encapsulation_mech_match_liveDead_40k_60k/241215_133638_Plate 1/#24B2362280_ZProj/C3ROI3_-2_2_1_ZProj[Confocal TRITC 556,600]_001.tif",/mnt/z/James/norbornene homopolymerization/same_mechanics/241215_132704_jg_ve_norha_mw_encapsulation_mech_match_liveDead_40k_60k/241215_133638_Plate 1/#24B2362280_ZProj/C3ROI3,C3,3
3,36.0,4,"/mnt/z/James/norbornene homopolymerization/same_mechanics/241215_132704_jg_ve_norha_mw_encapsulation_mech_match_liveDead_40k_60k/241215_133638_Plate 1/#24B2362280_ZProj/C3ROI3_-2_2_1_ZProj[Confocal TRITC 556,600]_001.tif",/mnt/z/James/norbornene homopolymerization/same_mechanics/241215_132704_jg_ve_norha_mw_encapsulation_mech_match_liveDead_40k_60k/241215_133638_Plate 1/#24B2362280_ZProj/C3ROI3,C3,3
0,318.0,1,"/mnt/z/James/norbornene homopolymerization/same_mechanics/241215_132704_jg_ve_norha_mw_encapsulation_mech_match_liveDead_40k_60k/241215_133638_Plate 1/#24B2362280_ZProj/D4ROI5_-2_2_1_ZProj[Confocal TRITC 556,600]_001.tif",/mnt/z/James/norbornene homopolymerization/same_mechanics/241215_132704_jg_ve_norha_mw_encapsulation_mech_match_liveDead_40k_60k/241215_133638_Plate 1/#24B2362280_ZProj/D4ROI5,D4,5
1,264.0,2,"/mnt/z/James/norbornene homopolymerization/same_mechanics/241215_132704_jg_ve_norha_mw_encapsulation_mech_match_liveDead_40k_60k/241215_133638_Plate 1/#24B2362280_ZProj/D4ROI5_-2_2_1_ZProj[Confocal TRITC 556,600]_001.tif",/mnt/z/James/norbornene homopolymerization/same_mechanics/241215_132704_jg_ve_norha_mw_encapsulation_mech_match_liveDead_40k_60k/241215_133638_Plate 1/#24B2362280_ZProj/D4ROI5,D4,5
2,171.0,3,"/mnt/z/James/norbornene homopolymerization/same_mechanics/241215_132704_jg_ve_norha_mw_encapsulation_mech_match_liveDead_40k_60k/241215_133638_Plate 1/#24B2362280_ZProj/D4ROI5_-2_2_1_ZProj[Confocal TRITC 556,600]_001.tif",/mnt/z/James/norbornene homopolymerization/same_mechanics/241215_132704_jg_ve_norha_mw_encapsulation_mech_match_liveDead_40k_60k/241215_133638_Plate 1/#24B2362280_ZProj/D4ROI5,D4,5
0,435.0,1,"/mnt/z/James/norbornene homopolymerization/same_mechanics/241215_132704_jg_ve_norha_mw_encapsulation_mech_match_liveDead_40k_60k/241215_133638_Plate 1/#24B2362280_ZProj/C1ROI2_-2_2_1_ZProj[Confocal TRITC 556,600]_001.tif",/mnt/z/James/norbornene homopolymerization/same_mechanics/241215_132704_jg_ve_norha_mw_encapsulation_mech_match_liveDead_40k_60k/241215_133638_Plate 1/#24B2362280_ZProj/C1ROI2,C1,2
1,133.0,2,"/mnt/z/James/norbornene homopolymerization/same_mechanics/241215_132704_jg_ve_norha_mw_encapsulation_mech_match_liveDead_40k_60k/241215_133638_Plate 1/#24B2362280_ZProj/C1ROI2_-2_2_1_ZProj[Confocal TRITC 556,600]_001.tif",/mnt/z/James/norbornene homopolymerization/same_mechanics/241215_132704_jg_ve_norha_mw_encapsulation_mech_match_liveDead_40k_60k/241215_133638_Plate 1/#24B2362280_ZProj/C1ROI2,C1,2
2,340.0,3,"/mnt/z/James/norbornene homopolymerization/same_mechanics/241215_132704_jg_ve_norha_mw_encapsulation_mech_match_liveDead_40k_60k/241215_133638_Plate 1/#24B2362280_ZProj/C1ROI2_-2_2_1_ZProj[Confocal TRITC 556,600]_001.tif",/mnt/z/James/norbornene homopolymerization/same_mechanics/241215_132704_jg_ve_norha_mw_encapsulation_mech_match_liveDead_40k_60k/241215_133638_Plate 1/#24B2362280_ZProj/C1ROI2,C1,2
0,1670.0,1,"/mnt/z/James/norbornene homopolymerization/same_mechanics/241215_132704_jg_ve_norha_mw_encapsulation_mech_match_liveDead_40k_60k/241215_133638_Plate 1/#24B2362280_ZProj/D3ROI1_-2_2_1_ZProj[Confocal TRITC 556,600]_001.tif",/mnt/z/James/norbornene homopolymerization/same_mechanics/241215_132704_jg_ve_norha_mw_encapsulation_mech_match_liveDead_40k_60k/241215_133638_Plate 1/#24B2362280_ZProj/D3ROI1,D3,1
1,122.0,2,"/mnt/z/James/norbornene homopolymerization/same_mechanics/241215_132704_jg_ve_norha_mw_encapsulation_mech_match_liveDead_40k_60k/241215_133638_Plate 1/#24B2362280_ZProj/D3ROI1_-2_2_1_ZProj[Confocal TRITC 556,600]_001.tif",/mnt/z/James/norbornene homopolymerization/same_mechanics/241215_132704_jg_ve_norha_mw_encapsulation_mech_match_liveDead_40k_60k/241215_133638_Plate 1/#24B2362280_ZProj/D3ROI1,D3,1
2,112.0,3,"/mnt/z/James/norbornene homopolymerization/same_mechanics/241215_132704_jg_ve_norha_mw_encapsulation_mech_match_liveDead_40k_60k/241215_133638_Plate 1/#24B2362280_ZProj/D3ROI1_-2_2_1_ZProj[Confocal TRITC 556,600]_001.tif",/mnt/z/James/norbornene homopolymerization/same_mechanics/241215_132704_jg_ve_norha_mw_encapsulation_mech_match_liveDead_40k_60k/241215_133638_Plate 1/#24B2362280_ZProj/D3ROI1,D3,1
3,88.0,4,"/mnt/z/James/norbornene homopolymerization/same_mechanics/241215_132704_jg_ve_norha_mw_encapsulation_mech_match_liveDead_40k_60k/241215_133638_Plate 1/#24B2362280_ZProj/D3ROI1_-2_2_1_ZProj[Confocal TRITC 556,600]_001.tif",/mnt/z/James/norbornene homopolymerization/same_mechanics/241215_132704_jg_ve_norha_mw_encapsulation_mech_match_liveDead_40k_60k/241215_133638_Plate 1/#24B2362280_ZProj/D3ROI1,D3,1
0,60.0,1,"/mnt/z/James/norbornene homopolymerization/same_mechanics/241215_132704_jg_ve_norha_mw_encapsulation_mech_match_liveDead_40k_60k/241215_133638_Plate 1/#24B2362280_ZProj/D4ROI3_-2_2_1_ZProj[Confocal TRITC 556,600]_001.tif",/mnt/z/James/norbornene homopolymerization/same_mechanics/241215_132704_jg_ve_norha_mw_encapsulation_mech_match_liveDead_40k_60k/241215_133638_Plate 1/#24B2362280_ZProj/D4ROI3,D4,3
1,218.0,2,"/mnt/z/James/norbornene homopolymerization/same_mechanics/241215_132704_jg_ve_norha_mw_encapsulation_mech_match_liveDead_40k_60k/241215_133638_Plate 1/#24B2362280_ZProj/D4ROI3_-2_2_1_ZProj[Confocal TRITC 556,600]_001.tif",/mnt/z/James/norbornene homopolymerization/same_mechanics/241215_132704_jg_ve_norha_mw_encapsulation_mech_match_liveDead_40k_60k/241215_133638_Plate 1/#24B2362280_ZProj/D4ROI3,D4,3
2,82.0,3,"/mnt/z/James/norbornene homopolymerization/same_mechanics/241215_132704_jg_ve_norha_mw_encapsulation_mech_match_liveDead_40k_60k/241215_133638_Plate 1/#24B2362280_ZProj/D4ROI3_-2_2_1_ZProj[Confocal TRITC 556,600]_001.tif",/mnt/z/James/norbornene homopolymerization/same_mechanics/241215_132704_jg_ve_norha_mw_encapsulation_mech_match_liveDead_40k_60k/241215_133638_Plate 1/#24B2362280_ZProj/D4ROI3,D4,3
0,434.0,1,"/mnt/z/James/norbornene homopolymerization/same_mechanics/241215_132704_jg_ve_norha_mw_encapsulation_mech_match_liveDead_40k_60k/241215_133638_Plate 1/#24B2362280_ZProj/C3ROI2_-2_2_1_ZProj[Confocal TRITC 556,600]_001.tif",/mnt/z/James/norbornene homopolymerization/same_mechanics/241215_132704_jg_ve_norha_mw_encapsulation_mech_match_liveDead_40k_60k/241215_133638_Plate 1/#24B2362280_ZProj/C3ROI2,C3,2
1,293.0,2,"/mnt/z/James/norbornene homopolymerization/same_mechanics/241215_132704_jg_ve_norha_mw_encapsulation_mech_match_liveDead_40k_60k/241215_133638_Plate 1/#24B2362280_ZProj/C3ROI2_-2_2_1_ZProj[Confocal TRITC 556,600]_001.tif",/mnt/z/James/norbornene homopolymerization/same_mechanics/241215_132704_jg_ve_norha_mw_encapsulation_mech_match_liveDead_40k_60k/241215_133638_Plate 1/#24B2362280_ZProj/C3ROI2,C3,2
2,84.0,3,"/mnt/z/James/norbornene homopolymerization/same_mechanics/241215_132704_jg_ve_norha_mw_encapsulation_mech_match_liveDead_40k_60k/241215_133638_Plate 1/#24B2362280_ZProj/C3ROI2_-2_2_1_ZProj[Confocal TRITC 556,600]_001.tif",/mnt/z/James/norbornene homopolymerization/same_mechanics/241215_132704_jg_ve_norha_mw_encapsulation_mech_match_liveDead_40k_60k/241215_133638_Plate 1/#24B2362280_ZProj/C3ROI2,C3,2
3,183.0,4,"/mnt/z/James/norbornene homopolymerization/same_mechanics/241215_132704_jg_ve_norha_mw_encapsulation_mech_match_liveDead_40k_60k/241215_133638_Plate 1/#24B2362280_ZProj/C3ROI2_-2_2_1_ZProj[Confocal TRITC 556,600]_001.tif",/mnt/z/James/norbornene homopolymerization/same_mechanics/241215_132704_jg_ve_norha_mw_encapsulation_mech_match_liveDead_40k_60k/241215_133638_Plate 1/#24B2362280_ZProj/C3ROI2,C3,2
0,118.0,1,"/mnt/z/James/norbornene homopolymerization/same_mechanics/241215_132704_jg_ve_norha_mw_encapsulation_mech_match_liveDead_40k_60k/241215_133638_Plate 1/#24B2362280_ZProj/C4ROI5_-2_2_1_ZProj[Confocal TRITC 556,600]_001.tif",/mnt/z/James/norbornene homopolymerization/same_mechanics/241215_132704_jg_ve_norha_mw_encapsulation_mech_match_liveDead_40k_60k/241215_133638_Plate 1/#24B2362280_ZProj/C4ROI5,C4,5
1,117.0,2,"/mnt/z/James/norbornene homopolymerization/same_mechanics/241215_132704_jg_ve_norha_mw_encapsulation_mech_match_liveDead_40k_60k/241215_133638_Plate 1/#24B2362280_ZProj/C4ROI5_-2_2_1_ZProj[Confocal TRITC 556,600]_001.tif",/mnt/z/James/norbornene homopolymerization/same_mechanics/241215_132704_jg_ve_norha_mw_encapsulation_mech_match_liveDead_40k_60k/241215_133638_Plate 1/#24B2362280_ZProj/C4ROI5,C4,5
2,63.0,3,"/mnt/z/James/norbornene homopolymerization/same_mechanics/241215_132704_jg_ve_norha_mw_encapsulation_mech_match_liveDead_40k_60k/241215_133638_Plate 1/#24B2362280_ZProj/C4ROI5_-2_2_1_ZProj[Confocal TRITC 556,600]_001.tif",/mnt/z/James/norbornene homopolymerization/same_mechanics/241215_132704_jg_ve_norha_mw_encapsulation_mech_match_liveDead_40k_60k/241215_133638_Plate 1/#24B2362280_ZProj/C4ROI5,C4,5
3,259.0,4,"/mnt/z/James/norbornene homopolymerization/same_mechanics/241215_132704_jg_ve_norha_mw_encapsulation_mech_match_liveDead_40k_60k/241215_133638_Plate 1/#24B2362280_ZProj/C4ROI5_-2_2_1_ZProj[Confocal TRITC 556,600]_001.tif",/mnt/z/James/norbornene homopolymerization/same_mechanics/241215_132704_jg_ve_norha_mw_encapsulation_mech_match_liveDead_40k_60k/241215_133638_Plate 1/#24B2362280_ZProj/C4ROI5,C4,5
0,325.0,1,"/mnt/z/James/norbornene homopolymerization/same_mechanics/241215_132704_jg_ve_norha_mw_encapsulation_mech_match_liveDead_40k_60k/241215_133638_Plate 1/#24B2362280_ZProj/D3ROI4_-2_2_1_ZProj[Confocal TRITC 556,600]_001.tif",/mnt/z/James/norbornene homopolymerization/same_mechanics/241215_132704_jg_ve_norha_mw_encapsulation_mech_match_liveDead_40k_60k/241215_133638_Plate 1/#24B2362280_ZProj/D3ROI4,D3,4
1,336.0,2,"/mnt/z/James/norbornene homopolymerization/same_mechanics/241215_132704_jg_ve_norha_mw_encapsulation_mech_match_liveDead_40k_60k/241215_133638_Plate 1/#24B2362280_ZProj/D3ROI4_-2_2_1_ZProj[Confocal TRITC 556,600]_001.tif",/mnt/z/James/norbornene homopolymerization/same_mechanics/241215_132704_jg_ve_norha_mw_encapsulation_mech_match_liveDead_40k_60k/241215_133638_Plate 1/#24B2362280_ZProj/D3ROI4,D3,4
2,555.0,3,"/mnt/z/James/norbornene homopolymerization/same_mechanics/241215_132704_jg_ve_norha_mw_encapsulation_mech_match_liveDead_40k_60k/241215_133638_Plate 1/#24B2362280_ZProj/D3ROI4_-2_2_1_ZProj[Confocal TRITC 556,600]_001.tif",/mnt/z/James/norbornene homopolymerization/same_mechanics/241215_132704_jg_ve_norha_mw_encapsulation_mech_match_liveDead_40k_60k/241215_133638_Plate 1/#24B2362280_ZProj/D3ROI4,D3,4
0,83.0,1,"/mnt/z/James/norbornene homopolymerization/same_mechanics/241215_132704_jg_ve_norha_mw_encapsulation_mech_match_liveDead_40k_60k/241215_133638_Plate 1/#24B2362280_ZProj/C3ROI4_-2_2_1_ZProj[Confocal TRITC 556,600]_001.tif",/mnt/z/James/norbornene homopolymerization/same_mechanics/241215_132704_jg_ve_norha_mw_encapsulation_mech_match_liveDead_40k_60k/241215_133638_Plate 1/#24B2362280_ZProj/C3ROI4,C3,4
1,99.0,2,"/mnt/z/James/norbornene homopolymerization/same_mechanics/241215_132704_jg_ve_norha_mw_encapsulation_mech_match_liveDead_40k_60k/241215_133638_Plate 1/#24B2362280_ZProj/C3ROI4_-2_2_1_ZProj[Confocal TRITC 556,600]_001.tif",/mnt/z/James/norbornene homopolymerization/same_mechanics/241215_132704_jg_ve_norha_mw_encapsulation_mech_match_liveDead_40k_60k/241215_133638_Plate 1/#24B2362280_ZProj/C3ROI4,C3,4
2,58.0,3,"/mnt/z/James/norbornene homopolymerization/same_mechanics/241215_132704_jg_ve_norha_mw_encapsulation_mech_match_liveDead_40k_60k/241215_133638_Plate 1/#24B2362280_ZProj/C3ROI4_-2_2_1_ZProj[Confocal TRITC 556,600]_001.tif",/mnt/z/James/norbornene homopolymerization/same_mechanics/241215_132704_jg_ve_norha_mw_encapsulation_mech_match_liveDead_40k_60k/241215_133638_Plate 1/#24B2362280_ZProj/C3ROI4,C3,4
3,149.0,4,"/mnt/z/James/norbornene homopolymerization/same_mechanics/241215_132704_jg_ve_norha_mw_encapsulation_mech_match_liveDead_40k_60k/241215_133638_Plate 1/#24B2362280_ZProj/C3ROI4_-2_2_1_ZProj[Confocal TRITC 556,600]_001.tif",/mnt/z/James/norbornene homopolymerization/same_mechanics/241215_132704_jg_ve_norha_mw_encapsulation_mech_match_liveDead_40k_60k/241215_133638_Plate 1/#24B2362280_ZProj/C3ROI4,C3,4
4,179.0,5,"/mnt/z/James/norbornene homopolymerization/same_mechanics/241215_132704_jg_ve_norha_mw_encapsulation_mech_match_liveDead_40k_60k/241215_133638_Plate 1/#24B2362280_ZProj/C3ROI4_-2_2_1_ZProj[Confocal TRITC 556,600]_001.tif",/mnt/z/James/norbornene homopolymerization/same_mechanics/241215_132704_jg_ve_norha_mw_encapsulation_mech_match_liveDead_40k_60k/241215_133638_Plate 1/#24B2362280_ZProj/C3ROI4,C3,4
0,191.0,1,"/mnt/z/James/norbornene homopolymerization/same_mechanics/241215_132704_jg_ve_norha_mw_encapsulation_mech_match_liveDead_40k_60k/241215_133638_Plate 1/#24B2362280_ZProj/C2ROI1_-2_2_1_ZProj[Confocal TRITC 556,600]_001.tif",/mnt/z/James/norbornene homopolymerization/same_mechanics/241215_132704_jg_ve_norha_mw_encapsulation_mech_match_liveDead_40k_60k/241215_133638_Plate 1/#24B2362280_ZProj/C2ROI1,C2,1
1,292.0,2,"/mnt/z/James/norbornene homopolymerization/same_mechanics/241215_132704_jg_ve_norha_mw_encapsulation_mech_match_liveDead_40k_60k/241215_133638_Plate 1/#24B2362280_ZProj/C2ROI1_-2_2_1_ZProj[Confocal TRITC 556,600]_001.tif",/mnt/z/James/norbornene homopolymerization/same_mechanics/241215_132704_jg_ve_norha_mw_encapsulation_mech_match_liveDead_40k_60k/241215_133638_Plate 1/#24B2362280_ZProj/C2ROI1,C2,1
2,141.0,3,"/mnt/z/James/norbornene homopolymerization/same_mechanics/241215_132704_jg_ve_norha_mw_encapsulation_mech_match_liveDead_40k_60k/241215_133638_Plate 1/#24B2362280_ZProj/C2ROI1_-2_2_1_ZProj[Confocal TRITC 556,600]_001.tif",/mnt/z/James/norbornene homopolymerization/same_mechanics/241215_132704_jg_ve_norha_mw_encapsulation_mech_match_liveDead_40k_60k/241215_133638_Plate 1/#24B2362280_ZProj/C2ROI1,C2,1
3,441.0,4,"/mnt/z/James/norbornene homopolymerization/same_mechanics/241215_132704_jg_ve_norha_mw_encapsulation_mech_match_liveDead_40k_60k/241215_133638_Plate 1/#24B2362280_ZProj/C2ROI1_-2_2_1_ZProj[Confocal TRITC 556,600]_001.tif",/mnt/z/James/norbornene homopolymerization/same_mechanics/241215_132704_jg_ve_norha_mw_encapsulation_mech_match_liveDead_40k_60k/241215_133638_Plate 1/#24B2362280_ZProj/C2ROI1,C2,1
0,815.0,1,"/mnt/z/James/norbornene homopolymerization/same_mechanics/241215_132704_jg_ve_norha_mw_encapsulation_mech_match_liveDead_40k_60k/241215_133638_Plate 1/#24B2362280_ZProj/C4ROI1_-2_2_1_ZProj[Confocal TRITC 556,600]_001.tif",/mnt/z/James/norbornene homopolymerization/same_mechanics/241215_132704_jg_ve_norha_mw_encapsulation_mech_match_liveDead_40k_60k/241215_133638_Plate 1/#24B2362280_ZProj/C4ROI1,C4,1
1,107.0,2,"/mnt/z/James/norbornene homopolymerization/same_mechanics/241215_132704_jg_ve_norha_mw_encapsulation_mech_match_liveDead_40k_60k/241215_133638_Plate 1/#24B2362280_ZProj/C4ROI1_-2_2_1_ZProj[Confocal TRITC 556,600]_001.tif",/mnt/z/James/norbornene homopolymerization/same_mechanics/241215_132704_jg_ve_norha_mw_encapsulation_mech_match_liveDead_40k_60k/241215_133638_Plate 1/#24B2362280_ZProj/C4ROI1,C4,1
0,32.0,1,"/mnt/z/James/norbornene homopolymerization/same_mechanics/241215_132704_jg_ve_norha_mw_encapsulation_mech_match_liveDead_40k_60k/241215_133638_Plate 1/#24B2362280_ZProj/C2ROI4_-2_2_1_ZProj[Confocal TRITC 556,600]_001.tif",/mnt/z/James/norbornene homopolymerization/same_mechanics/241215_132704_jg_ve_norha_mw_encapsulation_mech_match_liveDead_40k_60k/241215_133638_Plate 1/#24B2362280_ZProj/C2ROI4,C2,4
1,468.0,2,"/mnt/z/James/norbornene homopolymerization/same_mechanics/241215_132704_jg_ve_norha_mw_encapsulation_mech_match_liveDead_40k_60k/241215_133638_Plate 1/#24B2362280_ZProj/C2ROI4_-2_2_1_ZProj[Confocal TRITC 556,600]_001.tif",/mnt/z/James/norbornene homopolymerization/same_mechanics/241215_132704_jg_ve_norha_mw_encapsulation_mech_match_liveDead_40k_60k/241215_133638_Plate 1/#24B2362280_ZProj/C2ROI4,C2,4
2,61.0,3,"/mnt/z/James/norbornene homopolymerization/same_mechanics/241215_132704_jg_ve_norha_mw_encapsulation_mech_match_liveDead_40k_60k/241215_133638_Plate 1/#24B2362280_ZProj/C2ROI4_-2_2_1_ZProj[Confocal TRITC 556,600]_001.tif",/mnt/z/James/norbornene homopolymerization/same_mechanics/241215_132704_jg_ve_norha_mw_encapsulation_mech_match_liveDead_40k_60k/241215_133638_Plate 1/#24B2362280_ZProj/C2ROI4,C2,4
0,139.0,1,"/mnt/z/James/norbornene homopolymerization/same_mechanics/241215_132704_jg_ve_norha_mw_encapsulation_mech_match_liveDead_40k_60k/241215_133638_Plate 1/#24B2362280_ZProj/D1ROI1_-2_2_1_ZProj[Confocal TRITC 556,600]_001.tif",/mnt/z/James/norbornene homopolymerization/same_mechanics/241215_132704_jg_ve_norha_mw_encapsulation_mech_match_liveDead_40k_60k/241215_133638_Plate 1/#24B2362280_ZProj/D1ROI1,D1,1
0,200.0,1,"/mnt/z/James/norbornene homopolymerization/same_mechanics/241215_132704_jg_ve_norha_mw_encapsulation_mech_match_liveDead_40k_60k/241215_133638_Plate 1/#24B2362280_ZProj/D2ROI1_-2_2_1_ZProj[Confocal TRITC 556,600]_001.tif",/mnt/z/James/norbornene homopolymerization/same_mechanics/241215_132704_jg_ve_norha_mw_encapsulation_mech_match_liveDead_40k_60k/241215_133638_Plate 1/#24B2362280_ZProj/D2ROI1,D2,1
1,151.0,2,"/mnt/z/James/norbornene homopolymerization/same_mechanics/241215_132704_jg_ve_norha_mw_encapsulation_mech_match_liveDead_40k_60k/241215_133638_Plate 1/#24B2362280_ZProj/D2ROI1_-2_2_1_ZProj[Confocal TRITC 556,600]_001.tif",/mnt/z/James/norbornene homopolymerization/same_mechanics/241215_132704_jg_ve_norha_mw_encapsulation_mech_match_liveDead_40k_60k/241215_133638_Plate 1/#24B2362280_ZProj/D2ROI1,D2,1
2,447.0,3,"/mnt/z/James/norbornene homopolymerization/same_mechanics/241215_132704_jg_ve_norha_mw_encapsulation_mech_match_liveDead_40k_60k/241215_133638_Plate 1/#24B2362280_ZProj/D2ROI1_-2_2_1_ZProj[Confocal TRITC 556,600]_001.tif",/mnt/z/James/norbornene homopolymerization/same_mechanics/241215_132704_jg_ve_norha_mw_encapsulation_mech_match_liveDead_40k_60k/241215_133638_Plate 1/#24B2362280_ZProj/D2ROI1,D2,1
0,431.0,1,"/mnt/z/James/norbornene homopolymerization/same_mechanics/241215_132704_jg_ve_norha_mw_encapsulation_mech_match_liveDead_40k_60k/241215_133638_Plate 1/#24B2362280_ZProj/C2ROI2_-2_2_1_ZProj[Confocal TRITC 556,600]_001.tif",/mnt/z/James/norbornene homopolymerization/same_mechanics/241215_132704_jg_ve_norha_mw_encapsulation_mech_match_liveDead_40k_60k/241215_133638_Plate 1/#24B2362280_ZProj/C2ROI2,C2,2
1,429.0,2,"/mnt/z/James/norbornene homopolymerization/same_mechanics/241215_132704_jg_ve_norha_mw_encapsulation_mech_match_liveDead_40k_60k/241215_133638_Plate 1/#24B2362280_ZProj/C2ROI2_-2_2_1_ZProj[Confocal TRITC 556,600]_001.tif",/mnt/z/James/norbornene homopolymerization/same_mechanics/241215_132704_jg_ve_norha_mw_encapsulation_mech_match_liveDead_40k_60k/241215_133638_Plate 1/#24B2362280_ZProj/C2ROI2,C2,2
2,1458.0,3,"/mnt/z/James/norbornene homopolymerization/same_mechanics/241215_132704_jg_ve_norha_mw_encapsulation_mech_match_liveDead_40k_60k/241215_133638_Plate 1/#24B2362280_ZProj/C2ROI2_-2_2_1_ZProj[Confocal TRITC 556,600]_001.tif",/mnt/z/James/norbornene homopolymerization/same_mechanics/241215_132704_jg_ve_norha_mw_encapsulation_mech_match_liveDead_40k_60k/241215_133638_Plate 1/#24B2362280_ZProj/C2ROI2,C2,2
0,477.0,1,"/mnt/z/James/norbornene homopolymerization/same_mechanics/241215_132704_jg_ve_norha_mw_encapsulation_mech_match_liveDead_40k_60k/241215_133638_Plate 1/#24B2362280_ZProj/D3ROI3_-2_2_1_ZProj[Confocal TRITC 556,600]_001.tif",/mnt/z/James/norbornene homopolymerization/same_mechanics/241215_132704_jg_ve_norha_mw_encapsulation_mech_match_liveDead_40k_60k/241215_133638_Plate 1/#24B2362280_ZProj/D3ROI3,D3,3
1,338.0,2,"/mnt/z/James/norbornene homopolymerization/same_mechanics/241215_132704_jg_ve_norha_mw_encapsulation_mech_match_liveDead_40k_60k/241215_133638_Plate 1/#24B2362280_ZProj/D3ROI3_-2_2_1_ZProj[Confocal TRITC 556,600]_001.tif",/mnt/z/James/norbornene homopolymerization/same_mechanics/241215_132704_jg_ve_norha_mw_encapsulation_mech_match_liveDead_40k_60k/241215_133638_Plate 1/#24B2362280_ZProj/D3ROI3,D3,3
2,341.0,3,"/mnt/z/James/norbornene homopolymerization/same_mechanics/241215_132704_jg_ve_norha_mw_encapsulation_mech_match_liveDead_40k_60k/241215_133638_Plate 1/#24B2362280_ZProj/D3ROI3_-2_2_1_ZProj[Confocal TRITC 556,600]_001.tif",/mnt/z/James/norbornene homopolymerization/same_mechanics/241215_132704_jg_ve_norha_mw_encapsulation_mech_match_liveDead_40k_60k/241215_133638_Plate 1/#24B2362280_ZProj/D3ROI3,D3,3
3,418.0,4,"/mnt/z/James/norbornene homopolymerization/same_mechanics/241215_132704_jg_ve_norha_mw_encapsulation_mech_match_liveDead_40k_60k/241215_133638_Plate 1/#24B2362280_ZProj/D3ROI3_-2_2_1_ZProj[Confocal TRITC 556,600]_001.tif",/mnt/z/James/norbornene homopolymerization/same_mechanics/241215_132704_jg_ve_norha_mw_encapsulation_mech_match_liveDead_40k_60k/241215_133638_Plate 1/#24B2362280_ZProj/D3ROI3,D3,3
0,117.0,1,"/mnt/z/James/norbornene homopolymerization/same_mechanics/241215_132704_jg_ve_norha_mw_encapsulation_mech_match_liveDead_40k_60k/241215_133638_Plate 1/#24B2362280_ZProj/C1ROI4_-2_2_1_ZProj[Confocal TRITC 556,600]_001.tif",/mnt/z/James/norbornene homopolymerization/same_mechanics/241215_132704_jg_ve_norha_mw_encapsulation_mech_match_liveDead_40k_60k/241215_133638_Plate 1/#24B2362280_ZProj/C1ROI4,C1,4
1,105.0,2,"/mnt/z/James/norbornene homopolymerization/same_mechanics/241215_132704_jg_ve_norha_mw_encapsulation_mech_match_liveDead_40k_60k/241215_133638_Plate 1/#24B2362280_ZProj/C1ROI4_-2_2_1_ZProj[Confocal TRITC 556,600]_001.tif",/mnt/z/James/norbornene homopolymerization/same_mechanics/241215_132704_jg_ve_norha_mw_encapsulation_mech_match_liveDead_40k_60k/241215_133638_Plate 1/#24B2362280_ZProj/C1ROI4,C1,4
2,252.0,3,"/mnt/z/James/norbornene homopolymerization/same_mechanics/241215_132704_jg_ve_norha_mw_encapsulation_mech_match_liveDead_40k_60k/241215_133638_Plate 1/#24B2362280_ZProj/C1ROI4_-2_2_1_ZProj[Confocal TRITC 556,600]_001.tif",/mnt/z/James/norbornene homopolymerization/same_mechanics/241215_132704_jg_ve_norha_mw_encapsulation_mech_match_liveDead_40k_60k/241215_133638_Plate 1/#24B2362280_ZProj/C1ROI4,C1,4
3,107.0,4,"/mnt/z/James/norbornene homopolymerization/same_mechanics/241215_132704_jg_ve_norha_mw_encapsulation_mech_match_liveDead_40k_60k/241215_133638_Plate 1/#24B2362280_ZProj/C1ROI4_-2_2_1_ZProj[Confocal TRITC 556,600]_001.tif",/mnt/z/James/norbornene homopolymerization/same_mechanics/241215_132704_jg_ve_norha_mw_encapsulation_mech_match_liveDead_40k_60k/241215_133638_Plate 1/#24B2362280_ZProj/C1ROI4,C1,4
0,2044.0,1,"/mnt/z/James/norbornene homopolymerization/same_mechanics/241215_132704_jg_ve_norha_mw_encapsulation_mech_match_liveDead_40k_60k/241215_133638_Plate 1/#24B2362280_ZProj/D1ROI3_-2_2_1_ZProj[Confocal TRITC 556,600]_001.tif",/mnt/z/James/norbornene homopolymerization/same_mechanics/241215_132704_jg_ve_norha_mw_encapsulation_mech_match_liveDead_40k_60k/241215_133638_Plate 1/#24B2362280_ZProj/D1ROI3,D1,3
1,142.0,2,"/mnt/z/James/norbornene homopolymerization/same_mechanics/241215_132704_jg_ve_norha_mw_encapsulation_mech_match_liveDead_40k_60k/241215_133638_Plate 1/#24B2362280_ZProj/D1ROI3_-2_2_1_ZProj[Confocal TRITC 556,600]_001.tif",/mnt/z/James/norbornene homopolymerization/same_mechanics/241215_132704_jg_ve_norha_mw_encapsulation_mech_match_liveDead_40k_60k/241215_133638_Plate 1/#24B2362280_ZProj/D1ROI3,D1,3
2,649.0,3,"/mnt/z/James/norbornene homopolymerization/same_mechanics/241215_132704_jg_ve_norha_mw_encapsulation_mech_match_liveDead_40k_60k/241215_133638_Plate 1/#24B2362280_ZProj/D1ROI3_-2_2_1_ZProj[Confocal TRITC 556,600]_001.tif",/mnt/z/James/norbornene homopolymerization/same_mechanics/241215_132704_jg_ve_norha_mw_encapsulation_mech_match_liveDead_40k_60k/241215_133638_Plate 1/#24B2362280_ZProj/D1ROI3,D1,3
3,102.0,4,"/mnt/z/James/norbornene homopolymerization/same_mechanics/241215_132704_jg_ve_norha_mw_encapsulation_mech_match_liveDead_40k_60k/241215_133638_Plate 1/#24B2362280_ZProj/D1ROI3_-2_2_1_ZProj[Confocal TRITC 556,600]_001.tif",/mnt/z/James/norbornene homopolymerization/same_mechanics/241215_132704_jg_ve_norha_mw_encapsulation_mech_match_liveDead_40k_60k/241215_133638_Plate 1/#24B2362280_ZProj/D1ROI3,D1,3
4,207.0,5,"/mnt/z/James/norbornene homopolymerization/same_mechanics/241215_132704_jg_ve_norha_mw_encapsulation_mech_match_liveDead_40k_60k/241215_133638_Plate 1/#24B2362280_ZProj/D1ROI3_-2_2_1_ZProj[Confocal TRITC 556,600]_001.tif",/mnt/z/James/norbornene homopolymerization/same_mechanics/241215_132704_jg_ve_norha_mw_encapsulation_mech_match_liveDead_40k_60k/241215_133638_Plate 1/#24B2362280_ZProj/D1ROI3,D1,3
0,438.0,1,"/mnt/z/James/norbornene homopolymerization/same_mechanics/241215_132704_jg_ve_norha_mw_encapsulation_mech_match_liveDead_40k_60k/241215_133638_Plate 1/#24B2362280_ZProj/C1ROI3_-2_2_1_ZProj[Confocal TRITC 556,600]_001.tif",/mnt/z/James/norbornene homopolymerization/same_mechanics/241215_132704_jg_ve_norha_mw_encapsulation_mech_match_liveDead_40k_60k/241215_133638_Plate 1/#24B2362280_ZProj/C1ROI3,C1,3
1,421.0,2,"/mnt/z/James/norbornene homopolymerization/same_mechanics/241215_132704_jg_ve_norha_mw_encapsulation_mech_match_liveDead_40k_60k/241215_133638_Plate 1/#24B2362280_ZProj/C1ROI3_-2_2_1_ZProj[Confocal TRITC 556,600]_001.tif",/mnt/z/James/norbornene homopolymerization/same_mechanics/241215_132704_jg_ve_norha_mw_encapsulation_mech_match_liveDead_40k_60k/241215_133638_Plate 1/#24B2362280_ZProj/C1ROI3,C1,3
0,650.0,1,"/mnt/z/James/norbornene homopolymerization/same_mechanics/241215_132704_jg_ve_norha_mw_encapsulation_mech_match_liveDead_40k_60k/241215_133638_Plate 1/#24B2362280_ZProj/C4ROI4_-2_2_1_ZProj[Confocal TRITC 556,600]_001.tif",/mnt/z/James/norbornene homopolymerization/same_mechanics/241215_132704_jg_ve_norha_mw_encapsulation_mech_match_liveDead_40k_60k/241215_133638_Plate 1/#24B2362280_ZProj/C4ROI4,C4,4
0,513.0,1,"/mnt/z/James/norbornene homopolymerization/same_mechanics/241215_132704_jg_ve_norha_mw_encapsulation_mech_match_liveDead_40k_60k/241215_133638_Plate 1/#24B2362280_ZProj/C3ROI5_-2_2_1_ZProj[Confocal TRITC 556,600]_001.tif",/mnt/z/James/norbornene homopolymerization/same_mechanics/241215_132704_jg_ve_norha_mw_encapsulation_mech_match_liveDead_40k_60k/241215_133638_Plate 1/#24B2362280_ZProj/C3ROI5,C3,5
1,466.0,2,"/mnt/z/James/norbornene homopolymerization/same_mechanics/241215_132704_jg_ve_norha_mw_encapsulation_mech_match_liveDead_40k_60k/241215_133638_Plate 1/#24B2362280_ZProj/C3ROI5_-2_2_1_ZProj[Confocal TRITC 556,600]_001.tif",/mnt/z/James/norbornene homopolymerization/same_mechanics/241215_132704_jg_ve_norha_mw_encapsulation_mech_match_liveDead_40k_60k/241215_133638_Plate 1/#24B2362280_ZProj/C3ROI5,C3,5
2,287.0,3,"/mnt/z/James/norbornene homopolymerization/same_mechanics/241215_132704_jg_ve_norha_mw_encapsulation_mech_match_liveDead_40k_60k/241215_133638_Plate 1/#24B2362280_ZProj/C3ROI5_-2_2_1_ZProj[Confocal TRITC 556,600]_001.tif",/mnt/z/James/norbornene homopolymerization/same_mechanics/241215_132704_jg_ve_norha_mw_encapsulation_mech_match_liveDead_40k_60k/241215_133638_Plate 1/#24B2362280_ZProj/C3ROI5,C3,5
3,110.0,4,"/mnt/z/James/norbornene homopolymerization/same_mechanics/241215_132704_jg_ve_norha_mw_encapsulation_mech_match_liveDead_40k_60k/241215_133638_Plate 1/#24B2362280_ZProj/C3ROI5_-2_2_1_ZProj[Confocal TRITC 556,600]_001.tif",/mnt/z/James/norbornene homopolymerization/same_mechanics/241215_132704_jg_ve_norha_mw_encapsulation_mech_match_liveDead_40k_60k/241215_133638_Plate 1/#24B2362280_ZProj/C3ROI5,C3,5
4,492.0,5,"/mnt/z/James/norbornene homopolymerization/same_mechanics/241215_132704_jg_ve_norha_mw_encapsulation_mech_match_liveDead_40k_60k/241215_133638_Plate 1/#24B2362280_ZProj/C3ROI5_-2_2_1_ZProj[Confocal TRITC 556,600]_001.tif",/mnt/z/James/norbornene homopolymerization/same_mechanics/241215_132704_jg_ve_norha_mw_encapsulation_mech_match_liveDead_40k_60k/241215_133638_Plate 1/#24B2362280_ZProj/C3ROI5,C3,5
0,123.0,1,"/mnt/z/James/norbornene homopolymerization/same_mechanics/241215_132704_jg_ve_norha_mw_encapsulation_mech_match_liveDead_40k_60k/241215_133638_Plate 1/#24B2362280_ZProj/D4ROI2_-2_2_1_ZProj[Confocal TRITC 556,600]_001.tif",/mnt/z/James/norbornene homopolymerization/same_mechanics/241215_132704_jg_ve_norha_mw_encapsulation_mech_match_liveDead_40k_60k/241215_133638_Plate 1/#24B2362280_ZProj/D4ROI2,D4,2
1,21.0,2,"/mnt/z/James/norbornene homopolymerization/same_mechanics/241215_132704_jg_ve_norha_mw_encapsulation_mech_match_liveDead_40k_60k/241215_133638_Plate 1/#24B2362280_ZProj/D4ROI2_-2_2_1_ZProj[Confocal TRITC 556,600]_001.tif",/mnt/z/James/norbornene homopolymerization/same_mechanics/241215_132704_jg_ve_norha_mw_encapsulation_mech_match_liveDead_40k_60k/241215_133638_Plate 1/#24B2362280_ZProj/D4ROI2,D4,2
2,474.0,3,"/mnt/z/James/norbornene homopolymerization/same_mechanics/241215_132704_jg_ve_norha_mw_encapsulation_mech_match_liveDead_40k_60k/241215_133638_Plate 1/#24B2362280_ZProj/D4ROI2_-2_2_1_ZProj[Confocal TRITC 556,600]_001.tif",/mnt/z/James/norbornene homopolymerization/same_mechanics/241215_132704_jg_ve_norha_mw_encapsulation_mech_match_liveDead_40k_60k/241215_133638_Plate 1/#24B2362280_ZProj/D4ROI2,D4,2
0,255.0,1,"/mnt/z/James/norbornene homopolymerization/same_mechanics/241215_132704_jg_ve_norha_mw_encapsulation_mech_match_liveDead_40k_60k/241215_133638_Plate 1/#24B2362280_ZProj/D2ROI3_-2_2_1_ZProj[Confocal TRITC 556,600]_001.tif",/mnt/z/James/norbornene homopolymerization/same_mechanics/241215_132704_jg_ve_norha_mw_encapsulation_mech_match_liveDead_40k_60k/241215_133638_Plate 1/#24B2362280_ZProj/D2ROI3,D2,3
1,258.0,2,"/mnt/z/James/norbornene homopolymerization/same_mechanics/241215_132704_jg_ve_norha_mw_encapsulation_mech_match_liveDead_40k_60k/241215_133638_Plate 1/#24B2362280_ZProj/D2ROI3_-2_2_1_ZProj[Confocal TRITC 556,600]_001.tif",/mnt/z/James/norbornene homopolymerization/same_mechanics/241215_132704_jg_ve_norha_mw_encapsulation_mech_match_liveDead_40k_60k/241215_133638_Plate 1/#24B2362280_ZProj/D2ROI3,D2,3
2,128.0,3,"/mnt/z/James/norbornene homopolymerization/same_mechanics/241215_132704_jg_ve_norha_mw_encapsulation_mech_match_liveDead_40k_60k/241215_133638_Plate 1/#24B2362280_ZProj/D2ROI3_-2_2_1_ZProj[Confocal TRITC 556,600]_001.tif",/mnt/z/James/norbornene homopolymerization/same_mechanics/241215_132704_jg_ve_norha_mw_encapsulation_mech_match_liveDead_40k_60k/241215_133638_Plate 1/#24B2362280_ZProj/D2ROI3,D2,3
3,366.0,4,"/mnt/z/James/norbornene homopolymerization/same_mechanics/241215_132704_jg_ve_norha_mw_encapsulation_mech_match_liveDead_40k_60k/241215_133638_Plate 1/#24B2362280_ZProj/D2ROI3_-2_2_1_ZProj[Confocal TRITC 556,600]_001.tif",/mnt/z/James/norbornene homopolymerization/same_mechanics/241215_132704_jg_ve_norha_mw_encapsulation_mech_match_liveDead_40k_60k/241215_133638_Plate 1/#24B2362280_ZProj/D2ROI3,D2,3
4,37.0,5,"/mnt/z/James/norbornene homopolymerization/same_mechanics/241215_132704_jg_ve_norha_mw_encapsulation_mech_match_liveDead_40k_60k/241215_133638_Plate 1/#24B2362280_ZProj/D2ROI3_-2_2_1_ZProj[Confocal TRITC 556,600]_001.tif",/mnt/z/James/norbornene homopolymerization/same_mechanics/241215_132704_jg_ve_norha_mw_encapsulation_mech_match_liveDead_40k_60k/241215_133638_Plate 1/#24B2362280_ZProj/D2ROI3,D2,3
0,853.0,1,"/mnt/z/James/norbornene homopolymerization/same_mechanics/241215_132704_jg_ve_norha_mw_encapsulation_mech_match_liveDead_40k_60k/241215_133638_Plate 1/#24B2362280_ZProj/D4ROI4_-2_2_1_ZProj[Confocal TRITC 556,600]_001.tif",/mnt/z/James/norbornene homopolymerization/same_mechanics/241215_132704_jg_ve_norha_mw_encapsulation_mech_match_liveDead_40k_60k/241215_133638_Plate 1/#24B2362280_ZProj/D4ROI4,D4,4
0,412.0,1,"/mnt/z/James/norbornene homopolymerization/same_mechanics/241215_132704_jg_ve_norha_mw_encapsulation_mech_match_liveDead_40k_60k/241215_133638_Plate 1/#24B2362280_ZProj/C2ROI3_-2_2_1_ZProj[Confocal TRITC 556,600]_001.tif",/mnt/z/James/norbornene homopolymerization/same_mechanics/241215_132704_jg_ve_norha_mw_encapsulation_mech_match_liveDead_40k_60k/241215_133638_Plate 1/#24B2362280_ZProj/C2ROI3,C2,3
1,112.0,2,"/mnt/z/James/norbornene homopolymerization/same_mechanics/241215_132704_jg_ve_norha_mw_encapsulation_mech_match_liveDead_40k_60k/241215_133638_Plate 1/#24B2362280_ZProj/C2ROI3_-2_2_1_ZProj[Confocal TRITC 556,600]_001.tif",/mnt/z/James/norbornene homopolymerization/same_mechanics/241215_132704_jg_ve_norha_mw_encapsulation_mech_match_liveDead_40k_60k/241215_133638_Plate 1/#24B2362280_ZProj/C2ROI3,C2,3
2,328.0,3,"/mnt/z/James/norbornene homopolymerization/same_mechanics/241215_132704_jg_ve_norha_mw_encapsulation_mech_match_liveDead_40k_60k/241215_133638_Plate 1/#24B2362280_ZProj/C2ROI3_-2_2_1_ZProj[Confocal TRITC 556,600]_001.tif",/mnt/z/James/norbornene homopolymerization/same_mechanics/241215_132704_jg_ve_norha_mw_encapsulation_mech_match_liveDead_40k_60k/241215_133638_Plate 1/#24B2362280_ZProj/C2ROI3,C2,3
3,247.0,4,"/mnt/z/James/norbornene homopolymerization/same_mechanics/241215_132704_jg_ve_norha_mw_encapsulation_mech_match_liveDead_40k_60k/241215_133638_Plate 1/#24B2362280_ZProj/C2ROI3_-2_2_1_ZProj[Confocal TRITC 556,600]_001.tif",/mnt/z/James/norbornene homopolymerization/same_mechanics/241215_132704_jg_ve_norha_mw_encapsulation_mech_match_liveDead_40k_60k/241215_133638_Plate 1/#24B2362280_ZProj/C2ROI3,C2,3
0,293.0,1,"/mnt/z/James/norbornene homopolymerization/same_mechanics/241215_132704_jg_ve_norha_mw_encapsulation_mech_match_liveDead_40k_60k/241215_133638_Plate 1/#24B2362280_ZProj/C2ROI5_-2_2_1_ZProj[Confocal TRITC 556,600]_001.tif",/mnt/z/James/norbornene homopolymerization/same_mechanics/241215_132704_jg_ve_norha_mw_encapsulation_mech_match_liveDead_40k_60k/241215_133638_Plate 1/#24B2362280_ZProj/C2ROI5,C2,5
1,321.0,2,"/mnt/z/James/norbornene homopolymerization/same_mechanics/241215_132704_jg_ve_norha_mw_encapsulation_mech_match_liveDead_40k_60k/241215_133638_Plate 1/#24B2362280_ZProj/C2ROI5_-2_2_1_ZProj[Confocal TRITC 556,600]_001.tif",/mnt/z/James/norbornene homopolymerization/same_mechanics/241215_132704_jg_ve_norha_mw_encapsulation_mech_match_liveDead_40k_60k/241215_133638_Plate 1/#24B2362280_ZProj/C2ROI5,C2,5
2,401.0,3,"/mnt/z/James/norbornene homopolymerization/same_mechanics/241215_132704_jg_ve_norha_mw_encapsulation_mech_match_liveDead_40k_60k/241215_133638_Plate 1/#24B2362280_ZProj/C2ROI5_-2_2_1_ZProj[Confocal TRITC 556,600]_001.tif",/mnt/z/James/norbornene homopolymerization/same_mechanics/241215_132704_jg_ve_norha_mw_encapsulation_mech_match_liveDead_40k_60k/241215_133638_Plate 1/#24B2362280_ZProj/C2ROI5,C2,5
0,451.0,1,"/mnt/z/James/norbornene homopolymerization/same_mechanics/241215_132704_jg_ve_norha_mw_encapsulation_mech_match_liveDead_40k_60k/241215_133638_Plate 1/#24B2362280_ZProj/D1ROI2_-2_2_1_ZProj[Confocal TRITC 556,600]_001.tif",/mnt/z/James/norbornene homopolymerization/same_mechanics/241215_132704_jg_ve_norha_mw_encapsulation_mech_match_liveDead_40k_60k/241215_133638_Plate 1/#24B2362280_ZProj/D1ROI2,D1,2
0,342.0,1,"/mnt/z/James/norbornene homopolymerization/same_mechanics/241215_132704_jg_ve_norha_mw_encapsulation_mech_match_liveDead_40k_60k/241215_133638_Plate 1/#24B2362280_ZProj/C4ROI2_-2_2_1_ZProj[Confocal TRITC 556,600]_001.tif",/mnt/z/James/norbornene homopolymerization/same_mechanics/241215_132704_jg_ve_norha_mw_encapsulation_mech_match_liveDead_40k_60k/241215_133638_Plate 1/#24B2362280_ZProj/C4ROI2,C4,2
1,370.0,2,"/mnt/z/James/norbornene homopolymerization/same_mechanics/241215_132704_jg_ve_norha_mw_encapsulation_mech_match_liveDead_40k_60k/241215_133638_Plate 1/#24B2362280_ZProj/C4ROI2_-2_2_1_ZProj[Confocal TRITC 556,600]_001.tif",/mnt/z/James/norbornene homopolymerization/same_mechanics/241215_132704_jg_ve_norha_mw_encapsulation_mech_match_liveDead_40k_60k/241215_133638_Plate 1/#24B2362280_ZProj/C4ROI2,C4,2
2,274.0,3,"/mnt/z/James/norbornene homopolymerization/same_mechanics/241215_132704_jg_ve_norha_mw_encapsulation_mech_match_liveDead_40k_60k/241215_133638_Plate 1/#24B2362280_ZProj/C4ROI2_-2_2_1_ZProj[Confocal TRITC 556,600]_001.tif",/mnt/z/James/norbornene homopolymerization/same_mechanics/241215_132704_jg_ve_norha_mw_encapsulation_mech_match_liveDead_40k_60k/241215_133638_Plate 1/#24B2362280_ZProj/C4ROI2,C4,2
0,453.0,1,"/mnt/z/James/norbornene homopolymerization/same_mechanics/241215_132704_jg_ve_norha_mw_encapsulation_mech_match_liveDead_40k_60k/241215_133638_Plate 1/#24B2362280_ZProj/D2ROI5_-2_2_1_ZProj[Confocal TRITC 556,600]_001.tif",/mnt/z/James/norbornene homopolymerization/same_mechanics/241215_132704_jg_ve_norha_mw_encapsulation_mech_match_liveDead_40k_60k/241215_133638_Plate 1/#24B2362280_ZProj/D2ROI5,D2,5
0,72.0,1,"/mnt/z/James/norbornene homopolymerization/same_mechanics/241215_132704_jg_ve_norha_mw_encapsulation_mech_match_liveDead_40k_60k/241215_133638_Plate 1/#24B2362280_ZProj/D2ROI4_-2_2_1_ZProj[Confocal TRITC 556,600]_001.tif",/mnt/z/James/norbornene homopolymerization/same_mechanics/241215_132704_jg_ve_norha_mw_encapsulation_mech_match_liveDead_40k_60k/241215_133638_Plate 1/#24B2362280_ZProj/D2ROI4,D2,4
1,78.0,2,"/mnt/z/James/norbornene homopolymerization/same_mechanics/241215_132704_jg_ve_norha_mw_encapsulation_mech_match_liveDead_40k_60k/241215_133638_Plate 1/#24B2362280_ZProj/D2ROI4_-2_2_1_ZProj[Confocal TRITC 556,600]_001.tif",/mnt/z/James/norbornene homopolymerization/same_mechanics/241215_132704_jg_ve_norha_mw_encapsulation_mech_match_liveDead_40k_60k/241215_133638_Plate 1/#24B2362280_ZProj/D2ROI4,D2,4
2,239.0,3,"/mnt/z/James/norbornene homopolymerization/same_mechanics/241215_132704_jg_ve_norha_mw_encapsulation_mech_match_liveDead_40k_60k/241215_133638_Plate 1/#24B2362280_ZProj/D2ROI4_-2_2_1_ZProj[Confocal TRITC 556,600]_001.tif",/mnt/z/James/norbornene homopolymerization/same_mechanics/241215_132704_jg_ve_norha_mw_encapsulation_mech_match_liveDead_40k_60k/241215_133638_Plate 1/#24B2362280_ZProj/D2ROI4,D2,4
0,660.0,1,"/mnt/z/James/norbornene homopolymerization/same_mechanics/241215_132704_jg_ve_norha_mw_encapsulation_mech_match_liveDead_40k_60k/241215_133638_Plate 1/#24B2362280_ZProj/C3ROI1_-2_2_1_ZProj[Confocal TRITC 556,600]_001.tif",/mnt/z/James/norbornene homopolymerization/same_mechanics/241215_132704_jg_ve_norha_mw_encapsulation_mech_match_liveDead_40k_60k/241215_133638_Plate 1/#24B2362280_ZProj/C3ROI1,C3,1
1,478.0,2,"/mnt/z/James/norbornene homopolymerization/same_mechanics/241215_132704_jg_ve_norha_mw_encapsulation_mech_match_liveDead_40k_60k/241215_133638_Plate 1/#24B2362280_ZProj/C3ROI1_-2_2_1_ZProj[Confocal TRITC 556,600]_001.tif",/mnt/z/James/norbornene homopolymerization/same_mechanics/241215_132704_jg_ve_norha_mw_encapsulation_mech_match_liveDead_40k_60k/241215_133638_Plate 1/#24B2362280_ZProj/C3ROI1,C3,1
2,445.0,3,"/mnt/z/James/norbornene homopolymerization/same_mechanics/241215_132704_jg_ve_norha_mw_encapsulation_mech_match_liveDead_40k_60k/241215_133638_Plate 1/#24B2362280_ZProj/C3ROI1_-2_2_1_ZProj[Confocal TRITC 556,600]_001.tif",/mnt/z/James/norbornene homopolymerization/same_mechanics/241215_132704_jg_ve_norha_mw_encapsulation_mech_match_liveDead_40k_60k/241215_133638_Plate 1/#24B2362280_ZProj/C3ROI1,C3,1
3,1000.0,4,"/mnt/z/James/norbornene homopolymerization/same_mechanics/241215_132704_jg_ve_norha_mw_encapsulation_mech_match_liveDead_40k_60k/241215_133638_Plate 1/#24B2362280_ZProj/C3ROI1_-2_2_1_ZProj[Confocal TRITC 556,600]_001.tif",/mnt/z/James/norbornene homopolymerization/same_mechanics/241215_132704_jg_ve_norha_mw_encapsulation_mech_match_liveDead_40k_60k/241215_133638_Plate 1/#24B2362280_ZProj/C3ROI1,C3,1
0,501.0,1,"/mnt/z/James/norbornene homopolymerization/same_mechanics/241215_132704_jg_ve_norha_mw_encapsulation_mech_match_liveDead_40k_60k/241215_133638_Plate 1/#24B2362280_ZProj/D4ROI1_-2_2_1_ZProj[Confocal TRITC 556,600]_001.tif",/mnt/z/James/norbornene homopolymerization/same_mechanics/241215_132704_jg_ve_norha_mw_encapsulation_mech_match_liveDead_40k_60k/241215_133638_Plate 1/#24B2362280_ZProj/D4ROI1,D4,1
0,474.0,1,"/mnt/z/James/norbornene homopolymerization/same_mechanics/241215_123915_jg_ve_norha_mw_encapsulation_mech_match_liveDead_peg_10k/241215_124157_Plate 1/#24B2362280_ZProj/A1ROI3_-2_2_1_ZProj[Confocal TRITC 556,600]_001.tif",/mnt/z/James/norbornene homopolymerization/same_mechanics/241215_123915_jg_ve_norha_mw_encapsulation_mech_match_liveDead_peg_10k/241215_124157_Plate 1/#24B2362280_ZProj/A1ROI3,A1,3
0,121.0,1,"/mnt/z/James/norbornene homopolymerization/same_mechanics/241215_123915_jg_ve_norha_mw_encapsulation_mech_match_liveDead_peg_10k/241215_124157_Plate 1/#24B2362280_ZProj/B3ROI3_-2_2_1_ZProj[Confocal TRITC 556,600]_001.tif",/mnt/z/James/norbornene homopolymerization/same_mechanics/241215_123915_jg_ve_norha_mw_encapsulation_mech_match_liveDead_peg_10k/241215_124157_Plate 1/#24B2362280_ZProj/B3ROI3,B3,3
1,287.0,2,"/mnt/z/James/norbornene homopolymerization/same_mechanics/241215_123915_jg_ve_norha_mw_encapsulation_mech_match_liveDead_peg_10k/241215_124157_Plate 1/#24B2362280_ZProj/B3ROI3_-2_2_1_ZProj[Confocal TRITC 556,600]_001.tif",/mnt/z/James/norbornene homopolymerization/same_mechanics/241215_123915_jg_ve_norha_mw_encapsulation_mech_match_liveDead_peg_10k/241215_124157_Plate 1/#24B2362280_ZProj/B3ROI3,B3,3
2,176.0,3,"/mnt/z/James/norbornene homopolymerization/same_mechanics/241215_123915_jg_ve_norha_mw_encapsulation_mech_match_liveDead_peg_10k/241215_124157_Plate 1/#24B2362280_ZProj/B3ROI3_-2_2_1_ZProj[Confocal TRITC 556,600]_001.tif",/mnt/z/James/norbornene homopolymerization/same_mechanics/241215_123915_jg_ve_norha_mw_encapsulation_mech_match_liveDead_peg_10k/241215_124157_Plate 1/#24B2362280_ZProj/B3ROI3,B3,3
0,314.0,1,"/mnt/z/James/norbornene homopolymerization/same_mechanics/241215_123915_jg_ve_norha_mw_encapsulation_mech_match_liveDead_peg_10k/241215_124157_Plate 1/#24B2362280_ZProj/A2ROI5_-2_2_1_ZProj[Confocal TRITC 556,600]_001.tif",/mnt/z/James/norbornene homopolymerization/same_mechanics/241215_123915_jg_ve_norha_mw_encapsulation_mech_match_liveDead_peg_10k/241215_124157_Plate 1/#24B2362280_ZProj/A2ROI5,A2,5
1,485.0,2,"/mnt/z/James/norbornene homopolymerization/same_mechanics/241215_123915_jg_ve_norha_mw_encapsulation_mech_match_liveDead_peg_10k/241215_124157_Plate 1/#24B2362280_ZProj/A2ROI5_-2_2_1_ZProj[Confocal TRITC 556,600]_001.tif",/mnt/z/James/norbornene homopolymerization/same_mechanics/241215_123915_jg_ve_norha_mw_encapsulation_mech_match_liveDead_peg_10k/241215_124157_Plate 1/#24B2362280_ZProj/A2ROI5,A2,5
2,360.0,3,"/mnt/z/James/norbornene homopolymerization/same_mechanics/241215_123915_jg_ve_norha_mw_encapsulation_mech_match_liveDead_peg_10k/241215_124157_Plate 1/#24B2362280_ZProj/A2ROI5_-2_2_1_ZProj[Confocal TRITC 556,600]_001.tif",/mnt/z/James/norbornene homopolymerization/same_mechanics/241215_123915_jg_ve_norha_mw_encapsulation_mech_match_liveDead_peg_10k/241215_124157_Plate 1/#24B2362280_ZProj/A2ROI5,A2,5
0,421.0,1,"/mnt/z/James/norbornene homopolymerization/same_mechanics/241215_123915_jg_ve_norha_mw_encapsulation_mech_match_liveDead_peg_10k/241215_124157_Plate 1/#24B2362280_ZProj/B1ROI1_-2_2_1_ZProj[Confocal TRITC 556,600]_001.tif",/mnt/z/James/norbornene homopolymerization/same_mechanics/241215_123915_jg_ve_norha_mw_encapsulation_mech_match_liveDead_peg_10k/241215_124157_Plate 1/#24B2362280_ZProj/B1ROI1,B1,1
1,2442.0,2,"/mnt/z/James/norbornene homopolymerization/same_mechanics/241215_123915_jg_ve_norha_mw_encapsulation_mech_match_liveDead_peg_10k/241215_124157_Plate 1/#24B2362280_ZProj/B1ROI1_-2_2_1_ZProj[Confocal TRITC 556,600]_001.tif",/mnt/z/James/norbornene homopolymerization/same_mechanics/241215_123915_jg_ve_norha_mw_encapsulation_mech_match_liveDead_peg_10k/241215_124157_Plate 1/#24B2362280_ZProj/B1ROI1,B1,1
2,1241.0,3,"/mnt/z/James/norbornene homopolymerization/same_mechanics/241215_123915_jg_ve_norha_mw_encapsulation_mech_match_liveDead_peg_10k/241215_124157_Plate 1/#24B2362280_ZProj/B1ROI1_-2_2_1_ZProj[Confocal TRITC 556,600]_001.tif",/mnt/z/James/norbornene homopolymerization/same_mechanics/241215_123915_jg_ve_norha_mw_encapsulation_mech_match_liveDead_peg_10k/241215_124157_Plate 1/#24B2362280_ZProj/B1ROI1,B1,1
3,452.0,4,"/mnt/z/James/norbornene homopolymerization/same_mechanics/241215_123915_jg_ve_norha_mw_encapsulation_mech_match_liveDead_peg_10k/241215_124157_Plate 1/#24B2362280_ZProj/B1ROI1_-2_2_1_ZProj[Confocal TRITC 556,600]_001.tif",/mnt/z/James/norbornene homopolymerization/same_mechanics/241215_123915_jg_ve_norha_mw_encapsulation_mech_match_liveDead_peg_10k/241215_124157_Plate 1/#24B2362280_ZProj/B1ROI1,B1,1
4,575.0,5,"/mnt/z/James/norbornene homopolymerization/same_mechanics/241215_123915_jg_ve_norha_mw_encapsulation_mech_match_liveDead_peg_10k/241215_124157_Plate 1/#24B2362280_ZProj/B1ROI1_-2_2_1_ZProj[Confocal TRITC 556,600]_001.tif",/mnt/z/James/norbornene homopolymerization/same_mechanics/241215_123915_jg_ve_norha_mw_encapsulation_mech_match_liveDead_peg_10k/241215_124157_Plate 1/#24B2362280_ZProj/B1ROI1,B1,1
0,266.0,1,"/mnt/z/James/norbornene homopolymerization/same_mechanics/241215_123915_jg_ve_norha_mw_encapsulation_mech_match_liveDead_peg_10k/241215_124157_Plate 1/#24B2362280_ZProj/B1ROI3_-2_2_1_ZProj[Confocal TRITC 556,600]_001.tif",/mnt/z/James/norbornene homopolymerization/same_mechanics/241215_123915_jg_ve_norha_mw_encapsulation_mech_match_liveDead_peg_10k/241215_124157_Plate 1/#24B2362280_ZProj/B1ROI3,B1,3
1,104.0,2,"/mnt/z/James/norbornene homopolymerization/same_mechanics/241215_123915_jg_ve_norha_mw_encapsulation_mech_match_liveDead_peg_10k/241215_124157_Plate 1/#24B2362280_ZProj/B1ROI3_-2_2_1_ZProj[Confocal TRITC 556,600]_001.tif",/mnt/z/James/norbornene homopolymerization/same_mechanics/241215_123915_jg_ve_norha_mw_encapsulation_mech_match_liveDead_peg_10k/241215_124157_Plate 1/#24B2362280_ZProj/B1ROI3,B1,3
2,34.0,3,"/mnt/z/James/norbornene homopolymerization/same_mechanics/241215_123915_jg_ve_norha_mw_encapsulation_mech_match_liveDead_peg_10k/241215_124157_Plate 1/#24B2362280_ZProj/B1ROI3_-2_2_1_ZProj[Confocal TRITC 556,600]_001.tif",/mnt/z/James/norbornene homopolymerization/same_mechanics/241215_123915_jg_ve_norha_mw_encapsulation_mech_match_liveDead_peg_10k/241215_124157_Plate 1/#24B2362280_ZProj/B1ROI3,B1,3
3,143.0,4,"/mnt/z/James/norbornene homopolymerization/same_mechanics/241215_123915_jg_ve_norha_mw_encapsulation_mech_match_liveDead_peg_10k/241215_124157_Plate 1/#24B2362280_ZProj/B1ROI3_-2_2_1_ZProj[Confocal TRITC 556,600]_001.tif",/mnt/z/James/norbornene homopolymerization/same_mechanics/241215_123915_jg_ve_norha_mw_encapsulation_mech_match_liveDead_peg_10k/241215_124157_Plate 1/#24B2362280_ZProj/B1ROI3,B1,3
0,256.0,1,"/mnt/z/James/norbornene homopolymerization/same_mechanics/241215_123915_jg_ve_norha_mw_encapsulation_mech_match_liveDead_peg_10k/241215_124157_Plate 1/#24B2362280_ZProj/B4ROI2_-2_2_1_ZProj[Confocal TRITC 556,600]_001.tif",/mnt/z/James/norbornene homopolymerization/same_mechanics/241215_123915_jg_ve_norha_mw_encapsulation_mech_match_liveDead_peg_10k/241215_124157_Plate 1/#24B2362280_ZProj/B4ROI2,B4,2
1,62.0,2,"/mnt/z/James/norbornene homopolymerization/same_mechanics/241215_123915_jg_ve_norha_mw_encapsulation_mech_match_liveDead_peg_10k/241215_124157_Plate 1/#24B2362280_ZProj/B4ROI2_-2_2_1_ZProj[Confocal TRITC 556,600]_001.tif",/mnt/z/James/norbornene homopolymerization/same_mechanics/241215_123915_jg_ve_norha_mw_encapsulation_mech_match_liveDead_peg_10k/241215_124157_Plate 1/#24B2362280_ZProj/B4ROI2,B4,2
0,348.0,1,"/mnt/z/James/norbornene homopolymerization/same_mechanics/241215_123915_jg_ve_norha_mw_encapsulation_mech_match_liveDead_peg_10k/241215_124157_Plate 1/#24B2362280_ZProj/A3ROI2_-2_2_1_ZProj[Confocal TRITC 556,600]_001.tif",/mnt/z/James/norbornene homopolymerization/same_mechanics/241215_123915_jg_ve_norha_mw_encapsulation_mech_match_liveDead_peg_10k/241215_124157_Plate 1/#24B2362280_ZProj/A3ROI2,A3,2
1,233.0,2,"/mnt/z/James/norbornene homopolymerization/same_mechanics/241215_123915_jg_ve_norha_mw_encapsulation_mech_match_liveDead_peg_10k/241215_124157_Plate 1/#24B2362280_ZProj/A3ROI2_-2_2_1_ZProj[Confocal TRITC 556,600]_001.tif",/mnt/z/James/norbornene homopolymerization/same_mechanics/241215_123915_jg_ve_norha_mw_encapsulation_mech_match_liveDead_peg_10k/241215_124157_Plate 1/#24B2362280_ZProj/A3ROI2,A3,2
2,2421.0,3,"/mnt/z/James/norbornene homopolymerization/same_mechanics/241215_123915_jg_ve_norha_mw_encapsulation_mech_match_liveDead_peg_10k/241215_124157_Plate 1/#24B2362280_ZProj/A3ROI2_-2_2_1_ZProj[Confocal TRITC 556,600]_001.tif",/mnt/z/James/norbornene homopolymerization/same_mechanics/241215_123915_jg_ve_norha_mw_encapsulation_mech_match_liveDead_peg_10k/241215_124157_Plate 1/#24B2362280_ZProj/A3ROI2,A3,2
3,297.0,4,"/mnt/z/James/norbornene homopolymerization/same_mechanics/241215_123915_jg_ve_norha_mw_encapsulation_mech_match_liveDead_peg_10k/241215_124157_Plate 1/#24B2362280_ZProj/A3ROI2_-2_2_1_ZProj[Confocal TRITC 556,600]_001.tif",/mnt/z/James/norbornene homopolymerization/same_mechanics/241215_123915_jg_ve_norha_mw_encapsulation_mech_match_liveDead_peg_10k/241215_124157_Plate 1/#24B2362280_ZProj/A3ROI2,A3,2
0,66.0,1,"/mnt/z/James/norbornene homopolymerization/same_mechanics/241215_123915_jg_ve_norha_mw_encapsulation_mech_match_liveDead_peg_10k/241215_124157_Plate 1/#24B2362280_ZProj/B1ROI2_-2_2_1_ZProj[Confocal TRITC 556,600]_001.tif",/mnt/z/James/norbornene homopolymerization/same_mechanics/241215_123915_jg_ve_norha_mw_encapsulation_mech_match_liveDead_peg_10k/241215_124157_Plate 1/#24B2362280_ZProj/B1ROI2,B1,2
1,42.0,2,"/mnt/z/James/norbornene homopolymerization/same_mechanics/241215_123915_jg_ve_norha_mw_encapsulation_mech_match_liveDead_peg_10k/241215_124157_Plate 1/#24B2362280_ZProj/B1ROI2_-2_2_1_ZProj[Confocal TRITC 556,600]_001.tif",/mnt/z/James/norbornene homopolymerization/same_mechanics/241215_123915_jg_ve_norha_mw_encapsulation_mech_match_liveDead_peg_10k/241215_124157_Plate 1/#24B2362280_ZProj/B1ROI2,B1,2
2,148.0,3,"/mnt/z/James/norbornene homopolymerization/same_mechanics/241215_123915_jg_ve_norha_mw_encapsulation_mech_match_liveDead_peg_10k/241215_124157_Plate 1/#24B2362280_ZProj/B1ROI2_-2_2_1_ZProj[Confocal TRITC 556,600]_001.tif",/mnt/z/James/norbornene homopolymerization/same_mechanics/241215_123915_jg_ve_norha_mw_encapsulation_mech_match_liveDead_peg_10k/241215_124157_Plate 1/#24B2362280_ZProj/B1ROI2,B1,2
3,169.0,4,"/mnt/z/James/norbornene homopolymerization/same_mechanics/241215_123915_jg_ve_norha_mw_encapsulation_mech_match_liveDead_peg_10k/241215_124157_Plate 1/#24B2362280_ZProj/B1ROI2_-2_2_1_ZProj[Confocal TRITC 556,600]_001.tif",/mnt/z/James/norbornene homopolymerization/same_mechanics/241215_123915_jg_ve_norha_mw_encapsulation_mech_match_liveDead_peg_10k/241215_124157_Plate 1/#24B2362280_ZProj/B1ROI2,B1,2
0,202.0,1,"/mnt/z/James/norbornene homopolymerization/same_mechanics/241215_123915_jg_ve_norha_mw_encapsulation_mech_match_liveDead_peg_10k/241215_124157_Plate 1/#24B2362280_ZProj/B4ROI1_-2_2_1_ZProj[Confocal TRITC 556,600]_001.tif",/mnt/z/James/norbornene homopolymerization/same_mechanics/241215_123915_jg_ve_norha_mw_encapsulation_mech_match_liveDead_peg_10k/241215_124157_Plate 1/#24B2362280_ZProj/B4ROI1,B4,1
1,708.0,2,"/mnt/z/James/norbornene homopolymerization/same_mechanics/241215_123915_jg_ve_norha_mw_encapsulation_mech_match_liveDead_peg_10k/241215_124157_Plate 1/#24B2362280_ZProj/B4ROI1_-2_2_1_ZProj[Confocal TRITC 556,600]_001.tif",/mnt/z/James/norbornene homopolymerization/same_mechanics/241215_123915_jg_ve_norha_mw_encapsulation_mech_match_liveDead_peg_10k/241215_124157_Plate 1/#24B2362280_ZProj/B4ROI1,B4,1
0,86.0,1,"/mnt/z/James/norbornene homopolymerization/same_mechanics/241215_123915_jg_ve_norha_mw_encapsulation_mech_match_liveDead_peg_10k/241215_124157_Plate 1/#24B2362280_ZProj/A3ROI4_-2_2_1_ZProj[Confocal TRITC 556,600]_001.tif",/mnt/z/James/norbornene homopolymerization/same_mechanics/241215_123915_jg_ve_norha_mw_encapsulation_mech_match_liveDead_peg_10k/241215_124157_Plate 1/#24B2362280_ZProj/A3ROI4,A3,4
1,68.0,2,"/mnt/z/James/norbornene homopolymerization/same_mechanics/241215_123915_jg_ve_norha_mw_encapsulation_mech_match_liveDead_peg_10k/241215_124157_Plate 1/#24B2362280_ZProj/A3ROI4_-2_2_1_ZProj[Confocal TRITC 556,600]_001.tif",/mnt/z/James/norbornene homopolymerization/same_mechanics/241215_123915_jg_ve_norha_mw_encapsulation_mech_match_liveDead_peg_10k/241215_124157_Plate 1/#24B2362280_ZProj/A3ROI4,A3,4
0,79.0,1,"/mnt/z/James/norbornene homopolymerization/same_mechanics/241215_123915_jg_ve_norha_mw_encapsulation_mech_match_liveDead_peg_10k/241215_124157_Plate 1/#24B2362280_ZProj/A4ROI3_-2_2_1_ZProj[Confocal TRITC 556,600]_001.tif",/mnt/z/James/norbornene homopolymerization/same_mechanics/241215_123915_jg_ve_norha_mw_encapsulation_mech_match_liveDead_peg_10k/241215_124157_Plate 1/#24B2362280_ZProj/A4ROI3,A4,3
1,786.0,2,"/mnt/z/James/norbornene homopolymerization/same_mechanics/241215_123915_jg_ve_norha_mw_encapsulation_mech_match_liveDead_peg_10k/241215_124157_Plate 1/#24B2362280_ZProj/A4ROI3_-2_2_1_ZProj[Confocal TRITC 556,600]_001.tif",/mnt/z/James/norbornene homopolymerization/same_mechanics/241215_123915_jg_ve_norha_mw_encapsulation_mech_match_liveDead_peg_10k/241215_124157_Plate 1/#24B2362280_ZProj/A4ROI3,A4,3
0,869.0,1,"/mnt/z/James/norbornene homopolymerization/same_mechanics/241215_123915_jg_ve_norha_mw_encapsulation_mech_match_liveDead_peg_10k/241215_124157_Plate 1/#24B2362280_ZProj/A3ROI1_-2_2_1_ZProj[Confocal TRITC 556,600]_001.tif",/mnt/z/James/norbornene homopolymerization/same_mechanics/241215_123915_jg_ve_norha_mw_encapsulation_mech_match_liveDead_peg_10k/241215_124157_Plate 1/#24B2362280_ZProj/A3ROI1,A3,1
0,133.0,1,"/mnt/z/James/norbornene homopolymerization/same_mechanics/241215_123915_jg_ve_norha_mw_encapsulation_mech_match_liveDead_peg_10k/241215_124157_Plate 1/#24B2362280_ZProj/A4ROI4_-2_2_1_ZProj[Confocal TRITC 556,600]_001.tif",/mnt/z/James/norbornene homopolymerization/same_mechanics/241215_123915_jg_ve_norha_mw_encapsulation_mech_match_liveDead_peg_10k/241215_124157_Plate 1/#24B2362280_ZProj/A4ROI4,A4,4
1,64.0,2,"/mnt/z/James/norbornene homopolymerization/same_mechanics/241215_123915_jg_ve_norha_mw_encapsulation_mech_match_liveDead_peg_10k/241215_124157_Plate 1/#24B2362280_ZProj/A4ROI4_-2_2_1_ZProj[Confocal TRITC 556,600]_001.tif",/mnt/z/James/norbornene homopolymerization/same_mechanics/241215_123915_jg_ve_norha_mw_encapsulation_mech_match_liveDead_peg_10k/241215_124157_Plate 1/#24B2362280_ZProj/A4ROI4,A4,4
2,32.0,3,"/mnt/z/James/norbornene homopolymerization/same_mechanics/241215_123915_jg_ve_norha_mw_encapsulation_mech_match_liveDead_peg_10k/241215_124157_Plate 1/#24B2362280_ZProj/A4ROI4_-2_2_1_ZProj[Confocal TRITC 556,600]_001.tif",/mnt/z/James/norbornene homopolymerization/same_mechanics/241215_123915_jg_ve_norha_mw_encapsulation_mech_match_liveDead_peg_10k/241215_124157_Plate 1/#24B2362280_ZProj/A4ROI4,A4,4
3,72.0,4,"/mnt/z/James/norbornene homopolymerization/same_mechanics/241215_123915_jg_ve_norha_mw_encapsulation_mech_match_liveDead_peg_10k/241215_124157_Plate 1/#24B2362280_ZProj/A4ROI4_-2_2_1_ZProj[Confocal TRITC 556,600]_001.tif",/mnt/z/James/norbornene homopolymerization/same_mechanics/241215_123915_jg_ve_norha_mw_encapsulation_mech_match_liveDead_peg_10k/241215_124157_Plate 1/#24B2362280_ZProj/A4ROI4,A4,4
4,52.0,5,"/mnt/z/James/norbornene homopolymerization/same_mechanics/241215_123915_jg_ve_norha_mw_encapsulation_mech_match_liveDead_peg_10k/241215_124157_Plate 1/#24B2362280_ZProj/A4ROI4_-2_2_1_ZProj[Confocal TRITC 556,600]_001.tif",/mnt/z/James/norbornene homopolymerization/same_mechanics/241215_123915_jg_ve_norha_mw_encapsulation_mech_match_liveDead_peg_10k/241215_124157_Plate 1/#24B2362280_ZProj/A4ROI4,A4,4
5,223.0,6,"/mnt/z/James/norbornene homopolymerization/same_mechanics/241215_123915_jg_ve_norha_mw_encapsulation_mech_match_liveDead_peg_10k/241215_124157_Plate 1/#24B2362280_ZProj/A4ROI4_-2_2_1_ZProj[Confocal TRITC 556,600]_001.tif",/mnt/z/James/norbornene homopolymerization/same_mechanics/241215_123915_jg_ve_norha_mw_encapsulation_mech_match_liveDead_peg_10k/241215_124157_Plate 1/#24B2362280_ZProj/A4ROI4,A4,4
6,182.0,7,"/mnt/z/James/norbornene homopolymerization/same_mechanics/241215_123915_jg_ve_norha_mw_encapsulation_mech_match_liveDead_peg_10k/241215_124157_Plate 1/#24B2362280_ZProj/A4ROI4_-2_2_1_ZProj[Confocal TRITC 556,600]_001.tif",/mnt/z/James/norbornene homopolymerization/same_mechanics/241215_123915_jg_ve_norha_mw_encapsulation_mech_match_liveDead_peg_10k/241215_124157_Plate 1/#24B2362280_ZProj/A4ROI4,A4,4
0,69.0,1,"/mnt/z/James/norbornene homopolymerization/same_mechanics/241215_123915_jg_ve_norha_mw_encapsulation_mech_match_liveDead_peg_10k/241215_124157_Plate 1/#24B2362280_ZProj/B1ROI4_-2_2_1_ZProj[Confocal TRITC 556,600]_001.tif",/mnt/z/James/norbornene homopolymerization/same_mechanics/241215_123915_jg_ve_norha_mw_encapsulation_mech_match_liveDead_peg_10k/241215_124157_Plate 1/#24B2362280_ZProj/B1ROI4,B1,4
1,128.0,2,"/mnt/z/James/norbornene homopolymerization/same_mechanics/241215_123915_jg_ve_norha_mw_encapsulation_mech_match_liveDead_peg_10k/241215_124157_Plate 1/#24B2362280_ZProj/B1ROI4_-2_2_1_ZProj[Confocal TRITC 556,600]_001.tif",/mnt/z/James/norbornene homopolymerization/same_mechanics/241215_123915_jg_ve_norha_mw_encapsulation_mech_match_liveDead_peg_10k/241215_124157_Plate 1/#24B2362280_ZProj/B1ROI4,B1,4
0,482.0,1,"/mnt/z/James/norbornene homopolymerization/same_mechanics/241215_123915_jg_ve_norha_mw_encapsulation_mech_match_liveDead_peg_10k/241215_124157_Plate 1/#24B2362280_ZProj/B1ROI5_-2_2_1_ZProj[Confocal TRITC 556,600]_001.tif",/mnt/z/James/norbornene homopolymerization/same_mechanics/241215_123915_jg_ve_norha_mw_encapsulation_mech_match_liveDead_peg_10k/241215_124157_Plate 1/#24B2362280_ZProj/B1ROI5,B1,5
0,217.0,1,"/mnt/z/James/norbornene homopolymerization/same_mechanics/241215_123915_jg_ve_norha_mw_encapsulation_mech_match_liveDead_peg_10k/241215_124157_Plate 1/#24B2362280_ZProj/B2ROI2_-2_2_1_ZProj[Confocal TRITC 556,600]_001.tif",/mnt/z/James/norbornene homopolymerization/same_mechanics/241215_123915_jg_ve_norha_mw_encapsulation_mech_match_liveDead_peg_10k/241215_124157_Plate 1/#24B2362280_ZProj/B2ROI2,B2,2
1,952.0,2,"/mnt/z/James/norbornene homopolymerization/same_mechanics/241215_123915_jg_ve_norha_mw_encapsulation_mech_match_liveDead_peg_10k/241215_124157_Plate 1/#24B2362280_ZProj/B2ROI2_-2_2_1_ZProj[Confocal TRITC 556,600]_001.tif",/mnt/z/James/norbornene homopolymerization/same_mechanics/241215_123915_jg_ve_norha_mw_encapsulation_mech_match_liveDead_peg_10k/241215_124157_Plate 1/#24B2362280_ZProj/B2ROI2,B2,2
2,114.0,3,"/mnt/z/James/norbornene homopolymerization/same_mechanics/241215_123915_jg_ve_norha_mw_encapsulation_mech_match_liveDead_peg_10k/241215_124157_Plate 1/#24B2362280_ZProj/B2ROI2_-2_2_1_ZProj[Confocal TRITC 556,600]_001.tif",/mnt/z/James/norbornene homopolymerization/same_mechanics/241215_123915_jg_ve_norha_mw_encapsulation_mech_match_liveDead_peg_10k/241215_124157_Plate 1/#24B2362280_ZProj/B2ROI2,B2,2
0,77.0,1,"/mnt/z/James/norbornene homopolymerization/same_mechanics/241215_123915_jg_ve_norha_mw_encapsulation_mech_match_liveDead_peg_10k/241215_124157_Plate 1/#24B2362280_ZProj/B4ROI4_-2_2_1_ZProj[Confocal TRITC 556,600]_001.tif",/mnt/z/James/norbornene homopolymerization/same_mechanics/241215_123915_jg_ve_norha_mw_encapsulation_mech_match_liveDead_peg_10k/241215_124157_Plate 1/#24B2362280_ZProj/B4ROI4,B4,4
1,52.0,2,"/mnt/z/James/norbornene homopolymerization/same_mechanics/241215_123915_jg_ve_norha_mw_encapsulation_mech_match_liveDead_peg_10k/241215_124157_Plate 1/#24B2362280_ZProj/B4ROI4_-2_2_1_ZProj[Confocal TRITC 556,600]_001.tif",/mnt/z/James/norbornene homopolymerization/same_mechanics/241215_123915_jg_ve_norha_mw_encapsulation_mech_match_liveDead_peg_10k/241215_124157_Plate 1/#24B2362280_ZProj/B4ROI4,B4,4
2,203.0,3,"/mnt/z/James/norbornene homopolymerization/same_mechanics/241215_123915_jg_ve_norha_mw_encapsulation_mech_match_liveDead_peg_10k/241215_124157_Plate 1/#24B2362280_ZProj/B4ROI4_-2_2_1_ZProj[Confocal TRITC 556,600]_001.tif",/mnt/z/James/norbornene homopolymerization/same_mechanics/241215_123915_jg_ve_norha_mw_encapsulation_mech_match_liveDead_peg_10k/241215_124157_Plate 1/#24B2362280_ZProj/B4ROI4,B4,4
3,178.0,4,"/mnt/z/James/norbornene homopolymerization/same_mechanics/241215_123915_jg_ve_norha_mw_encapsulation_mech_match_liveDead_peg_10k/241215_124157_Plate 1/#24B2362280_ZProj/B4ROI4_-2_2_1_ZProj[Confocal TRITC 556,600]_001.tif",/mnt/z/James/norbornene homopolymerization/same_mechanics/241215_123915_jg_ve_norha_mw_encapsulation_mech_match_liveDead_peg_10k/241215_124157_Plate 1/#24B2362280_ZProj/B4ROI4,B4,4
4,109.0,5,"/mnt/z/James/norbornene homopolymerization/same_mechanics/241215_123915_jg_ve_norha_mw_encapsulation_mech_match_liveDead_peg_10k/241215_124157_Plate 1/#24B2362280_ZProj/B4ROI4_-2_2_1_ZProj[Confocal TRITC 556,600]_001.tif",/mnt/z/James/norbornene homopolymerization/same_mechanics/241215_123915_jg_ve_norha_mw_encapsulation_mech_match_liveDead_peg_10k/241215_124157_Plate 1/#24B2362280_ZProj/B4ROI4,B4,4
5,63.0,6,"/mnt/z/James/norbornene homopolymerization/same_mechanics/241215_123915_jg_ve_norha_mw_encapsulation_mech_match_liveDead_peg_10k/241215_124157_Plate 1/#24B2362280_ZProj/B4ROI4_-2_2_1_ZProj[Confocal TRITC 556,600]_001.tif",/mnt/z/James/norbornene homopolymerization/same_mechanics/241215_123915_jg_ve_norha_mw_encapsulation_mech_match_liveDead_peg_10k/241215_124157_Plate 1/#24B2362280_ZProj/B4ROI4,B4,4
6,121.0,7,"/mnt/z/James/norbornene homopolymerization/same_mechanics/241215_123915_jg_ve_norha_mw_encapsulation_mech_match_liveDead_peg_10k/241215_124157_Plate 1/#24B2362280_ZProj/B4ROI4_-2_2_1_ZProj[Confocal TRITC 556,600]_001.tif",/mnt/z/James/norbornene homopolymerization/same_mechanics/241215_123915_jg_ve_norha_mw_encapsulation_mech_match_liveDead_peg_10k/241215_124157_Plate 1/#24B2362280_ZProj/B4ROI4,B4,4
0,78.0,1,"/mnt/z/James/norbornene homopolymerization/same_mechanics/241215_123915_jg_ve_norha_mw_encapsulation_mech_match_liveDead_peg_10k/241215_124157_Plate 1/#24B2362280_ZProj/A1ROI5_-2_2_1_ZProj[Confocal TRITC 556,600]_001.tif",/mnt/z/James/norbornene homopolymerization/same_mechanics/241215_123915_jg_ve_norha_mw_encapsulation_mech_match_liveDead_peg_10k/241215_124157_Plate 1/#24B2362280_ZProj/A1ROI5,A1,5
1,62.0,2,"/mnt/z/James/norbornene homopolymerization/same_mechanics/241215_123915_jg_ve_norha_mw_encapsulation_mech_match_liveDead_peg_10k/241215_124157_Plate 1/#24B2362280_ZProj/A1ROI5_-2_2_1_ZProj[Confocal TRITC 556,600]_001.tif",/mnt/z/James/norbornene homopolymerization/same_mechanics/241215_123915_jg_ve_norha_mw_encapsulation_mech_match_liveDead_peg_10k/241215_124157_Plate 1/#24B2362280_ZProj/A1ROI5,A1,5
2,144.0,3,"/mnt/z/James/norbornene homopolymerization/same_mechanics/241215_123915_jg_ve_norha_mw_encapsulation_mech_match_liveDead_peg_10k/241215_124157_Plate 1/#24B2362280_ZProj/A1ROI5_-2_2_1_ZProj[Confocal TRITC 556,600]_001.tif",/mnt/z/James/norbornene homopolymerization/same_mechanics/241215_123915_jg_ve_norha_mw_encapsulation_mech_match_liveDead_peg_10k/241215_124157_Plate 1/#24B2362280_ZProj/A1ROI5,A1,5
3,73.0,4,"/mnt/z/James/norbornene homopolymerization/same_mechanics/241215_123915_jg_ve_norha_mw_encapsulation_mech_match_liveDead_peg_10k/241215_124157_Plate 1/#24B2362280_ZProj/A1ROI5_-2_2_1_ZProj[Confocal TRITC 556,600]_001.tif",/mnt/z/James/norbornene homopolymerization/same_mechanics/241215_123915_jg_ve_norha_mw_encapsulation_mech_match_liveDead_peg_10k/241215_124157_Plate 1/#24B2362280_ZProj/A1ROI5,A1,5
4,78.0,5,"/mnt/z/James/norbornene homopolymerization/same_mechanics/241215_123915_jg_ve_norha_mw_encapsulation_mech_match_liveDead_peg_10k/241215_124157_Plate 1/#24B2362280_ZProj/A1ROI5_-2_2_1_ZProj[Confocal TRITC 556,600]_001.tif",/mnt/z/James/norbornene homopolymerization/same_mechanics/241215_123915_jg_ve_norha_mw_encapsulation_mech_match_liveDead_peg_10k/241215_124157_Plate 1/#24B2362280_ZProj/A1ROI5,A1,5
0,86.0,1,"/mnt/z/James/norbornene homopolymerization/same_mechanics/241215_123915_jg_ve_norha_mw_encapsulation_mech_match_liveDead_peg_10k/241215_124157_Plate 1/#24B2362280_ZProj/A3ROI5_-2_2_1_ZProj[Confocal TRITC 556,600]_001.tif",/mnt/z/James/norbornene homopolymerization/same_mechanics/241215_123915_jg_ve_norha_mw_encapsulation_mech_match_liveDead_peg_10k/241215_124157_Plate 1/#24B2362280_ZProj/A3ROI5,A3,5
1,89.0,2,"/mnt/z/James/norbornene homopolymerization/same_mechanics/241215_123915_jg_ve_norha_mw_encapsulation_mech_match_liveDead_peg_10k/241215_124157_Plate 1/#24B2362280_ZProj/A3ROI5_-2_2_1_ZProj[Confocal TRITC 556,600]_001.tif",/mnt/z/James/norbornene homopolymerization/same_mechanics/241215_123915_jg_ve_norha_mw_encapsulation_mech_match_liveDead_peg_10k/241215_124157_Plate 1/#24B2362280_ZProj/A3ROI5,A3,5
0,203.0,1,"/mnt/z/James/norbornene homopolymerization/same_mechanics/241215_123915_jg_ve_norha_mw_encapsulation_mech_match_liveDead_peg_10k/241215_124157_Plate 1/#24B2362280_ZProj/A4ROI1_-2_2_1_ZProj[Confocal TRITC 556,600]_001.tif",/mnt/z/James/norbornene homopolymerization/same_mechanics/241215_123915_jg_ve_norha_mw_encapsulation_mech_match_liveDead_peg_10k/241215_124157_Plate 1/#24B2362280_ZProj/A4ROI1,A4,1
1,368.0,2,"/mnt/z/James/norbornene homopolymerization/same_mechanics/241215_123915_jg_ve_norha_mw_encapsulation_mech_match_liveDead_peg_10k/241215_124157_Plate 1/#24B2362280_ZProj/A4ROI1_-2_2_1_ZProj[Confocal TRITC 556,600]_001.tif",/mnt/z/James/norbornene homopolymerization/same_mechanics/241215_123915_jg_ve_norha_mw_encapsulation_mech_match_liveDead_peg_10k/241215_124157_Plate 1/#24B2362280_ZProj/A4ROI1,A4,1
2,401.0,3,"/mnt/z/James/norbornene homopolymerization/same_mechanics/241215_123915_jg_ve_norha_mw_encapsulation_mech_match_liveDead_peg_10k/241215_124157_Plate 1/#24B2362280_ZProj/A4ROI1_-2_2_1_ZProj[Confocal TRITC 556,600]_001.tif",/mnt/z/James/norbornene homopolymerization/same_mechanics/241215_123915_jg_ve_norha_mw_encapsulation_mech_match_liveDead_peg_10k/241215_124157_Plate 1/#24B2362280_ZProj/A4ROI1,A4,1
0,304.0,1,"/mnt/z/James/norbornene homopolymerization/same_mechanics/241215_123915_jg_ve_norha_mw_encapsulation_mech_match_liveDead_peg_10k/241215_124157_Plate 1/#24B2362280_ZProj/A1ROI1_-2_2_1_ZProj[Confocal TRITC 556,600]_001.tif",/mnt/z/James/norbornene homopolymerization/same_mechanics/241215_123915_jg_ve_norha_mw_encapsulation_mech_match_liveDead_peg_10k/241215_124157_Plate 1/#24B2362280_ZProj/A1ROI1,A1,1
0,262.0,1,"/mnt/z/James/norbornene homopolymerization/same_mechanics/241215_123915_jg_ve_norha_mw_encapsulation_mech_match_liveDead_peg_10k/241215_124157_Plate 1/#24B2362280_ZProj/B4ROI3_-2_2_1_ZProj[Confocal TRITC 556,600]_001.tif",/mnt/z/James/norbornene homopolymerization/same_mechanics/241215_123915_jg_ve_norha_mw_encapsulation_mech_match_liveDead_peg_10k/241215_124157_Plate 1/#24B2362280_ZProj/B4ROI3,B4,3
1,1834.0,2,"/mnt/z/James/norbornene homopolymerization/same_mechanics/241215_123915_jg_ve_norha_mw_encapsulation_mech_match_liveDead_peg_10k/241215_124157_Plate 1/#24B2362280_ZProj/B4ROI3_-2_2_1_ZProj[Confocal TRITC 556,600]_001.tif",/mnt/z/James/norbornene homopolymerization/same_mechanics/241215_123915_jg_ve_norha_mw_encapsulation_mech_match_liveDead_peg_10k/241215_124157_Plate 1/#24B2362280_ZProj/B4ROI3,B4,3
0,554.0,1,"/mnt/z/James/norbornene homopolymerization/same_mechanics/241215_123915_jg_ve_norha_mw_encapsulation_mech_match_liveDead_peg_10k/241215_124157_Plate 1/#24B2362280_ZProj/A2ROI1_-2_2_1_ZProj[Confocal TRITC 556,600]_001.tif",/mnt/z/James/norbornene homopolymerization/same_mechanics/241215_123915_jg_ve_norha_mw_encapsulation_mech_match_liveDead_peg_10k/241215_124157_Plate 1/#24B2362280_ZProj/A2ROI1,A2,1
0,538.0,1,"/mnt/z/James/norbornene homopolymerization/same_mechanics/241215_123915_jg_ve_norha_mw_encapsulation_mech_match_liveDead_peg_10k/241215_124157_Plate 1/#24B2362280_ZProj/B4ROI5_-2_2_1_ZProj[Confocal TRITC 556,600]_001.tif",/mnt/z/James/norbornene homopolymerization/same_mechanics/241215_123915_jg_ve_norha_mw_encapsulation_mech_match_liveDead_peg_10k/241215_124157_Plate 1/#24B2362280_ZProj/B4ROI5,B4,5
0,115.0,1,"/mnt/z/James/norbornene homopolymerization/same_mechanics/241215_123915_jg_ve_norha_mw_encapsulation_mech_match_liveDead_peg_10k/241215_124157_Plate 1/#24B2362280_ZProj/B2ROI4_-2_2_1_ZProj[Confocal TRITC 556,600]_001.tif",/mnt/z/James/norbornene homopolymerization/same_mechanics/241215_123915_jg_ve_norha_mw_encapsulation_mech_match_liveDead_peg_10k/241215_124157_Plate 1/#24B2362280_ZProj/B2ROI4,B2,4
0,477.0,1,"/mnt/z/James/norbornene homopolymerization/same_mechanics/241215_123915_jg_ve_norha_mw_encapsulation_mech_match_liveDead_peg_10k/241215_124157_Plate 1/#24B2362280_ZProj/B2ROI5_-2_2_1_ZProj[Confocal TRITC 556,600]_001.tif",/mnt/z/James/norbornene homopolymerization/same_mechanics/241215_123915_jg_ve_norha_mw_encapsulation_mech_match_liveDead_peg_10k/241215_124157_Plate 1/#24B2362280_ZProj/B2ROI5,B2,5
0,169.0,1,"/mnt/z/James/norbornene homopolymerization/same_mechanics/241215_123915_jg_ve_norha_mw_encapsulation_mech_match_liveDead_peg_10k/241215_124157_Plate 1/#24B2362280_ZProj/B2ROI3_-2_2_1_ZProj[Confocal TRITC 556,600]_001.tif",/mnt/z/James/norbornene homopolymerization/same_mechanics/241215_123915_jg_ve_norha_mw_encapsulation_mech_match_liveDead_peg_10k/241215_124157_Plate 1/#24B2362280_ZProj/B2ROI3,B2,3
1,144.0,2,"/mnt/z/James/norbornene homopolymerization/same_mechanics/241215_123915_jg_ve_norha_mw_encapsulation_mech_match_liveDead_peg_10k/241215_124157_Plate 1/#24B2362280_ZProj/B2ROI3_-2_2_1_ZProj[Confocal TRITC 556,600]_001.tif",/mnt/z/James/norbornene homopolymerization/same_mechanics/241215_123915_jg_ve_norha_mw_encapsulation_mech_match_liveDead_peg_10k/241215_124157_Plate 1/#24B2362280_ZProj/B2ROI3,B2,3
0,107.0,1,"/mnt/z/James/norbornene homopolymerization/same_mechanics/241215_123915_jg_ve_norha_mw_encapsulation_mech_match_liveDead_peg_10k/241215_124157_Plate 1/#24B2362280_ZProj/A2ROI4_-2_2_1_ZProj[Confocal TRITC 556,600]_001.tif",/mnt/z/James/norbornene homopolymerization/same_mechanics/241215_123915_jg_ve_norha_mw_encapsulation_mech_match_liveDead_peg_10k/241215_124157_Plate 1/#24B2362280_ZProj/A2ROI4,A2,4
1,82.0,2,"/mnt/z/James/norbornene homopolymerization/same_mechanics/241215_123915_jg_ve_norha_mw_encapsulation_mech_match_liveDead_peg_10k/241215_124157_Plate 1/#24B2362280_ZProj/A2ROI4_-2_2_1_ZProj[Confocal TRITC 556,600]_001.tif",/mnt/z/James/norbornene homopolymerization/same_mechanics/241215_123915_jg_ve_norha_mw_encapsulation_mech_match_liveDead_peg_10k/241215_124157_Plate 1/#24B2362280_ZProj/A2ROI4,A2,4
2,59.0,3,"/mnt/z/James/norbornene homopolymerization/same_mechanics/241215_123915_jg_ve_norha_mw_encapsulation_mech_match_liveDead_peg_10k/241215_124157_Plate 1/#24B2362280_ZProj/A2ROI4_-2_2_1_ZProj[Confocal TRITC 556,600]_001.tif",/mnt/z/James/norbornene homopolymerization/same_mechanics/241215_123915_jg_ve_norha_mw_encapsulation_mech_match_liveDead_peg_10k/241215_124157_Plate 1/#24B2362280_ZProj/A2ROI4,A2,4
0,42.0,1,"/mnt/z/James/norbornene homopolymerization/same_mechanics/241215_123915_jg_ve_norha_mw_encapsulation_mech_match_liveDead_peg_10k/241215_124157_Plate 1/#24B2362280_ZProj/A1ROI2_-2_2_1_ZProj[Confocal TRITC 556,600]_001.tif",/mnt/z/James/norbornene homopolymerization/same_mechanics/241215_123915_jg_ve_norha_mw_encapsulation_mech_match_liveDead_peg_10k/241215_124157_Plate 1/#24B2362280_ZProj/A1ROI2,A1,2
1,436.0,2,"/mnt/z/James/norbornene homopolymerization/same_mechanics/241215_123915_jg_ve_norha_mw_encapsulation_mech_match_liveDead_peg_10k/241215_124157_Plate 1/#24B2362280_ZProj/A1ROI2_-2_2_1_ZProj[Confocal TRITC 556,600]_001.tif",/mnt/z/James/norbornene homopolymerization/same_mechanics/241215_123915_jg_ve_norha_mw_encapsulation_mech_match_liveDead_peg_10k/241215_124157_Plate 1/#24B2362280_ZProj/A1ROI2,A1,2
0,262.0,1,"/mnt/z/James/norbornene homopolymerization/same_mechanics/241215_123915_jg_ve_norha_mw_encapsulation_mech_match_liveDead_peg_10k/241215_124157_Plate 1/#24B2362280_ZProj/A1ROI4_-2_2_1_ZProj[Confocal TRITC 556,600]_001.tif",/mnt/z/James/norbornene homopolymerization/same_mechanics/241215_123915_jg_ve_norha_mw_encapsulation_mech_match_liveDead_peg_10k/241215_124157_Plate 1/#24B2362280_ZProj/A1ROI4,A1,4
1,269.0,2,"/mnt/z/James/norbornene homopolymerization/same_mechanics/241215_123915_jg_ve_norha_mw_encapsulation_mech_match_liveDead_peg_10k/241215_124157_Plate 1/#24B2362280_ZProj/A1ROI4_-2_2_1_ZProj[Confocal TRITC 556,600]_001.tif",/mnt/z/James/norbornene homopolymerization/same_mechanics/241215_123915_jg_ve_norha_mw_encapsulation_mech_match_liveDead_peg_10k/241215_124157_Plate 1/#24B2362280_ZProj/A1ROI4,A1,4
2,226.0,3,"/mnt/z/James/norbornene homopolymerization/same_mechanics/241215_123915_jg_ve_norha_mw_encapsulation_mech_match_liveDead_peg_10k/241215_124157_Plate 1/#24B2362280_ZProj/A1ROI4_-2_2_1_ZProj[Confocal TRITC 556,600]_001.tif",/mnt/z/James/norbornene homopolymerization/same_mechanics/241215_123915_jg_ve_norha_mw_encapsulation_mech_match_liveDead_peg_10k/241215_124157_Plate 1/#24B2362280_ZProj/A1ROI4,A1,4
3,424.0,4,"/mnt/z/James/norbornene homopolymerization/same_mechanics/241215_123915_jg_ve_norha_mw_encapsulation_mech_match_liveDead_peg_10k/241215_124157_Plate 1/#24B2362280_ZProj/A1ROI4_-2_2_1_ZProj[Confocal TRITC 556,600]_001.tif",/mnt/z/James/norbornene homopolymerization/same_mechanics/241215_123915_jg_ve_norha_mw_encapsulation_mech_match_liveDead_peg_10k/241215_124157_Plate 1/#24B2362280_ZProj/A1ROI4,A1,4
4,825.0,5,"/mnt/z/James/norbornene homopolymerization/same_mechanics/241215_123915_jg_ve_norha_mw_encapsulation_mech_match_liveDead_peg_10k/241215_124157_Plate 1/#24B2362280_ZProj/A1ROI4_-2_2_1_ZProj[Confocal TRITC 556,600]_001.tif",/mnt/z/James/norbornene homopolymerization/same_mechanics/241215_123915_jg_ve_norha_mw_encapsulation_mech_match_liveDead_peg_10k/241215_124157_Plate 1/#24B2362280_ZProj/A1ROI4,A1,4
0,358.0,1,"/mnt/z/James/norbornene homopolymerization/same_mechanics/241215_123915_jg_ve_norha_mw_encapsulation_mech_match_liveDead_peg_10k/241215_124157_Plate 1/#24B2362280_ZProj/A2ROI2_-2_2_1_ZProj[Confocal TRITC 556,600]_001.tif",/mnt/z/James/norbornene homopolymerization/same_mechanics/241215_123915_jg_ve_norha_mw_encapsulation_mech_match_liveDead_peg_10k/241215_124157_Plate 1/#24B2362280_ZProj/A2ROI2,A2,2
1,455.0,2,"/mnt/z/James/norbornene homopolymerization/same_mechanics/241215_123915_jg_ve_norha_mw_encapsulation_mech_match_liveDead_peg_10k/241215_124157_Plate 1/#24B2362280_ZProj/A2ROI2_-2_2_1_ZProj[Confocal TRITC 556,600]_001.tif",/mnt/z/James/norbornene homopolymerization/same_mechanics/241215_123915_jg_ve_norha_mw_encapsulation_mech_match_liveDead_peg_10k/241215_124157_Plate 1/#24B2362280_ZProj/A2ROI2,A2,2
2,758.0,3,"/mnt/z/James/norbornene homopolymerization/same_mechanics/241215_123915_jg_ve_norha_mw_encapsulation_mech_match_liveDead_peg_10k/241215_124157_Plate 1/#24B2362280_ZProj/A2ROI2_-2_2_1_ZProj[Confocal TRITC 556,600]_001.tif",/mnt/z/James/norbornene homopolymerization/same_mechanics/241215_123915_jg_ve_norha_mw_encapsulation_mech_match_liveDead_peg_10k/241215_124157_Plate 1/#24B2362280_ZProj/A2ROI2,A2,2
0,209.0,1,"/mnt/z/James/norbornene homopolymerization/same_mechanics/241215_123915_jg_ve_norha_mw_encapsulation_mech_match_liveDead_peg_10k/241215_124157_Plate 1/#24B2362280_ZProj/B3ROI1_-2_2_1_ZProj[Confocal TRITC 556,600]_001.tif",/mnt/z/James/norbornene homopolymerization/same_mechanics/241215_123915_jg_ve_norha_mw_encapsulation_mech_match_liveDead_peg_10k/241215_124157_Plate 1/#24B2362280_ZProj/B3ROI1,B3,1
1,97.0,2,"/mnt/z/James/norbornene homopolymerization/same_mechanics/241215_123915_jg_ve_norha_mw_encapsulation_mech_match_liveDead_peg_10k/241215_124157_Plate 1/#24B2362280_ZProj/B3ROI1_-2_2_1_ZProj[Confocal TRITC 556,600]_001.tif",/mnt/z/James/norbornene homopolymerization/same_mechanics/241215_123915_jg_ve_norha_mw_encapsulation_mech_match_liveDead_peg_10k/241215_124157_Plate 1/#24B2362280_ZProj/B3ROI1,B3,1
2,91.0,3,"/mnt/z/James/norbornene homopolymerization/same_mechanics/241215_123915_jg_ve_norha_mw_encapsulation_mech_match_liveDead_peg_10k/241215_124157_Plate 1/#24B2362280_ZProj/B3ROI1_-2_2_1_ZProj[Confocal TRITC 556,600]_001.tif",/mnt/z/James/norbornene homopolymerization/same_mechanics/241215_123915_jg_ve_norha_mw_encapsulation_mech_match_liveDead_peg_10k/241215_124157_Plate 1/#24B2362280_ZProj/B3ROI1,B3,1
3,277.0,4,"/mnt/z/James/norbornene homopolymerization/same_mechanics/241215_123915_jg_ve_norha_mw_encapsulation_mech_match_liveDead_peg_10k/241215_124157_Plate 1/#24B2362280_ZProj/B3ROI1_-2_2_1_ZProj[Confocal TRITC 556,600]_001.tif",/mnt/z/James/norbornene homopolymerization/same_mechanics/241215_123915_jg_ve_norha_mw_encapsulation_mech_match_liveDead_peg_10k/241215_124157_Plate 1/#24B2362280_ZProj/B3ROI1,B3,1
4,373.0,5,"/mnt/z/James/norbornene homopolymerization/same_mechanics/241215_123915_jg_ve_norha_mw_encapsulation_mech_match_liveDead_peg_10k/241215_124157_Plate 1/#24B2362280_ZProj/B3ROI1_-2_2_1_ZProj[Confocal TRITC 556,600]_001.tif",/mnt/z/James/norbornene homopolymerization/same_mechanics/241215_123915_jg_ve_norha_mw_encapsulation_mech_match_liveDead_peg_10k/241215_124157_Plate 1/#24B2362280_ZProj/B3ROI1,B3,1
5,268.0,6,"/mnt/z/James/norbornene homopolymerization/same_mechanics/241215_123915_jg_ve_norha_mw_encapsulation_mech_match_liveDead_peg_10k/241215_124157_Plate 1/#24B2362280_ZProj/B3ROI1_-2_2_1_ZProj[Confocal TRITC 556,600]_001.tif",/mnt/z/James/norbornene homopolymerization/same_mechanics/241215_123915_jg_ve_norha_mw_encapsulation_mech_match_liveDead_peg_10k/241215_124157_Plate 1/#24B2362280_ZProj/B3ROI1,B3,1
0,82.0,1,"/mnt/z/James/norbornene homopolymerization/same_mechanics/241215_123915_jg_ve_norha_mw_encapsulation_mech_match_liveDead_peg_10k/241215_124157_Plate 1/#24B2362280_ZProj/B2ROI1_-2_2_1_ZProj[Confocal TRITC 556,600]_001.tif",/mnt/z/James/norbornene homopolymerization/same_mechanics/241215_123915_jg_ve_norha_mw_encapsulation_mech_match_liveDead_peg_10k/241215_124157_Plate 1/#24B2362280_ZProj/B2ROI1,B2,1
1,206.0,2,"/mnt/z/James/norbornene homopolymerization/same_mechanics/241215_123915_jg_ve_norha_mw_encapsulation_mech_match_liveDead_peg_10k/241215_124157_Plate 1/#24B2362280_ZProj/B2ROI1_-2_2_1_ZProj[Confocal TRITC 556,600]_001.tif",/mnt/z/James/norbornene homopolymerization/same_mechanics/241215_123915_jg_ve_norha_mw_encapsulation_mech_match_liveDead_peg_10k/241215_124157_Plate 1/#24B2362280_ZProj/B2ROI1,B2,1
2,138.0,3,"/mnt/z/James/norbornene homopolymerization/same_mechanics/241215_123915_jg_ve_norha_mw_encapsulation_mech_match_liveDead_peg_10k/241215_124157_Plate 1/#24B2362280_ZProj/B2ROI1_-2_2_1_ZProj[Confocal TRITC 556,600]_001.tif",/mnt/z/James/norbornene homopolymerization/same_mechanics/241215_123915_jg_ve_norha_mw_encapsulation_mech_match_liveDead_peg_10k/241215_124157_Plate 1/#24B2362280_ZProj/B2ROI1,B2,1
3,86.0,4,"/mnt/z/James/norbornene homopolymerization/same_mechanics/241215_123915_jg_ve_norha_mw_encapsulation_mech_match_liveDead_peg_10k/241215_124157_Plate 1/#24B2362280_ZProj/B2ROI1_-2_2_1_ZProj[Confocal TRITC 556,600]_001.tif",/mnt/z/James/norbornene homopolymerization/same_mechanics/241215_123915_jg_ve_norha_mw_encapsulation_mech_match_liveDead_peg_10k/241215_124157_Plate 1/#24B2362280_ZProj/B2ROI1,B2,1
0,234.0,1,"/mnt/z/James/norbornene homopolymerization/same_mechanics/241215_123915_jg_ve_norha_mw_encapsulation_mech_match_liveDead_peg_10k/241215_124157_Plate 1/#24B2362280_ZProj/A3ROI3_-2_2_1_ZProj[Confocal TRITC 556,600]_001.tif",/mnt/z/James/norbornene homopolymerization/same_mechanics/241215_123915_jg_ve_norha_mw_encapsulation_mech_match_liveDead_peg_10k/241215_124157_Plate 1/#24B2362280_ZProj/A3ROI3,A3,3
0,1225.0,1,"/mnt/z/James/norbornene homopolymerization/same_mechanics/241215_123915_jg_ve_norha_mw_encapsulation_mech_match_liveDead_peg_10k/241215_124157_Plate 1/#24B2362280_ZProj/B3ROI5_-2_2_1_ZProj[Confocal TRITC 556,600]_001.tif",/mnt/z/James/norbornene homopolymerization/same_mechanics/241215_123915_jg_ve_norha_mw_encapsulation_mech_match_liveDead_peg_10k/241215_124157_Plate 1/#24B2362280_ZProj/B3ROI5,B3,5
1,313.0,2,"/mnt/z/James/norbornene homopolymerization/same_mechanics/241215_123915_jg_ve_norha_mw_encapsulation_mech_match_liveDead_peg_10k/241215_124157_Plate 1/#24B2362280_ZProj/B3ROI5_-2_2_1_ZProj[Confocal TRITC 556,600]_001.tif",/mnt/z/James/norbornene homopolymerization/same_mechanics/241215_123915_jg_ve_norha_mw_encapsulation_mech_match_liveDead_peg_10k/241215_124157_Plate 1/#24B2362280_ZProj/B3ROI5,B3,5
2,118.0,3,"/mnt/z/James/norbornene homopolymerization/same_mechanics/241215_123915_jg_ve_norha_mw_encapsulation_mech_match_liveDead_peg_10k/241215_124157_Plate 1/#24B2362280_ZProj/B3ROI5_-2_2_1_ZProj[Confocal TRITC 556,600]_001.tif",/mnt/z/James/norbornene homopolymerization/same_mechanics/241215_123915_jg_ve_norha_mw_encapsulation_mech_match_liveDead_peg_10k/241215_124157_Plate 1/#24B2362280_ZProj/B3ROI5,B3,5
3,413.0,4,"/mnt/z/James/norbornene homopolymerization/same_mechanics/241215_123915_jg_ve_norha_mw_encapsulation_mech_match_liveDead_peg_10k/241215_124157_Plate 1/#24B2362280_ZProj/B3ROI5_-2_2_1_ZProj[Confocal TRITC 556,600]_001.tif",/mnt/z/James/norbornene homopolymerization/same_mechanics/241215_123915_jg_ve_norha_mw_encapsulation_mech_match_liveDead_peg_10k/241215_124157_Plate 1/#24B2362280_ZProj/B3ROI5,B3,5
4,424.0,5,"/mnt/z/James/norbornene homopolymerization/same_mechanics/241215_123915_jg_ve_norha_mw_encapsulation_mech_match_liveDead_peg_10k/241215_124157_Plate 1/#24B2362280_ZProj/B3ROI5_-2_2_1_ZProj[Confocal TRITC 556,600]_001.tif",/mnt/z/James/norbornene homopolymerization/same_mechanics/241215_123915_jg_ve_norha_mw_encapsulation_mech_match_liveDead_peg_10k/241215_124157_Plate 1/#24B2362280_ZProj/B3ROI5,B3,5
5,395.0,6,"/mnt/z/James/norbornene homopolymerization/same_mechanics/241215_123915_jg_ve_norha_mw_encapsulation_mech_match_liveDead_peg_10k/241215_124157_Plate 1/#24B2362280_ZProj/B3ROI5_-2_2_1_ZProj[Confocal TRITC 556,600]_001.tif",/mnt/z/James/norbornene homopolymerization/same_mechanics/241215_123915_jg_ve_norha_mw_encapsulation_mech_match_liveDead_peg_10k/241215_124157_Plate 1/#24B2362280_ZProj/B3ROI5,B3,5
0,445.0,1,"/mnt/z/James/norbornene homopolymerization/same_mechanics/241215_123915_jg_ve_norha_mw_encapsulation_mech_match_liveDead_peg_10k/241215_124157_Plate 1/#24B2362280_ZProj/B3ROI2_-2_2_1_ZProj[Confocal TRITC 556,600]_001.tif",/mnt/z/James/norbornene homopolymerization/same_mechanics/241215_123915_jg_ve_norha_mw_encapsulation_mech_match_liveDead_peg_10k/241215_124157_Plate 1/#24B2362280_ZProj/B3ROI2,B3,2
1,490.0,2,"/mnt/z/James/norbornene homopolymerization/same_mechanics/241215_123915_jg_ve_norha_mw_encapsulation_mech_match_liveDead_peg_10k/241215_124157_Plate 1/#24B2362280_ZProj/B3ROI2_-2_2_1_ZProj[Confocal TRITC 556,600]_001.tif",/mnt/z/James/norbornene homopolymerization/same_mechanics/241215_123915_jg_ve_norha_mw_encapsulation_mech_match_liveDead_peg_10k/241215_124157_Plate 1/#24B2362280_ZProj/B3ROI2,B3,2
2,91.0,3,"/mnt/z/James/norbornene homopolymerization/same_mechanics/241215_123915_jg_ve_norha_mw_encapsulation_mech_match_liveDead_peg_10k/241215_124157_Plate 1/#24B2362280_ZProj/B3ROI2_-2_2_1_ZProj[Confocal TRITC 556,600]_001.tif",/mnt/z/James/norbornene homopolymerization/same_mechanics/241215_123915_jg_ve_norha_mw_encapsulation_mech_match_liveDead_peg_10k/241215_124157_Plate 1/#24B2362280_ZProj/B3ROI2,B3,2
0,563.0,1,"/mnt/z/James/norbornene homopolymerization/same_mechanics/241215_123915_jg_ve_norha_mw_encapsulation_mech_match_liveDead_peg_10k/241215_124157_Plate 1/#24B2362280_ZProj/B3ROI4_-2_2_1_ZProj[Confocal TRITC 556,600]_001.tif",/mnt/z/James/norbornene homopolymerization/same_mechanics/241215_123915_jg_ve_norha_mw_encapsulation_mech_match_liveDead_peg_10k/241215_124157_Plate 1/#24B2362280_ZProj/B3ROI4,B3,4
1,51.0,2,"/mnt/z/James/norbornene homopolymerization/same_mechanics/241215_123915_jg_ve_norha_mw_encapsulation_mech_match_liveDead_peg_10k/241215_124157_Plate 1/#24B2362280_ZProj/B3ROI4_-2_2_1_ZProj[Confocal TRITC 556,600]_001.tif",/mnt/z/James/norbornene homopolymerization/same_mechanics/241215_123915_jg_ve_norha_mw_encapsulation_mech_match_liveDead_peg_10k/241215_124157_Plate 1/#24B2362280_ZProj/B3ROI4,B3,4
0,352.0,1,"/mnt/z/James/norbornene homopolymerization/same_mechanics/241215_123915_jg_ve_norha_mw_encapsulation_mech_match_liveDead_peg_10k/241215_124157_Plate 1/#24B2362280_ZProj/A4ROI2_-2_2_1_ZProj[Confocal TRITC 556,600]_001.tif",/mnt/z/James/norbornene homopolymerization/same_mechanics/241215_123915_jg_ve_norha_mw_encapsulation_mech_match_liveDead_peg_10k/241215_124157_Plate 1/#24B2362280_ZProj/A4ROI2,A4,2
1,189.0,2,"/mnt/z/James/norbornene homopolymerization/same_mechanics/241215_123915_jg_ve_norha_mw_encapsulation_mech_match_liveDead_peg_10k/241215_124157_Plate 1/#24B2362280_ZProj/A4ROI2_-2_2_1_ZProj[Confocal TRITC 556,600]_001.tif",/mnt/z/James/norbornene homopolymerization/same_mechanics/241215_123915_jg_ve_norha_mw_encapsulation_mech_match_liveDead_peg_10k/241215_124157_Plate 1/#24B2362280_ZProj/A4ROI2,A4,2
2,524.0,3,"/mnt/z/James/norbornene homopolymerization/same_mechanics/241215_123915_jg_ve_norha_mw_encapsulation_mech_match_liveDead_peg_10k/241215_124157_Plate 1/#24B2362280_ZProj/A4ROI2_-2_2_1_ZProj[Confocal TRITC 556,600]_001.tif",/mnt/z/James/norbornene homopolymerization/same_mechanics/241215_123915_jg_ve_norha_mw_encapsulation_mech_match_liveDead_peg_10k/241215_124157_Plate 1/#24B2362280_ZProj/A4ROI2,A4,2
0,130.0,1,"/mnt/z/James/norbornene homopolymerization/same_mechanics/241215_123915_jg_ve_norha_mw_encapsulation_mech_match_liveDead_peg_10k/241215_124157_Plate 1/#24B2362280_ZProj/A2ROI3_-2_2_1_ZProj[Confocal TRITC 556,600]_001.tif",/mnt/z/James/norbornene homopolymerization/same_mechanics/241215_123915_jg_ve_norha_mw_encapsulation_mech_match_liveDead_peg_10k/241215_124157_Plate 1/#24B2362280_ZProj/A2ROI3,A2,3
1,122.0,2,"/mnt/z/James/norbornene homopolymerization/same_mechanics/241215_123915_jg_ve_norha_mw_encapsulation_mech_match_liveDead_peg_10k/241215_124157_Plate 1/#24B2362280_ZProj/A2ROI3_-2_2_1_ZProj[Confocal TRITC 556,600]_001.tif",/mnt/z/James/norbornene homopolymerization/same_mechanics/241215_123915_jg_ve_norha_mw_encapsulation_mech_match_liveDead_peg_10k/241215_124157_Plate 1/#24B2362280_ZProj/A2ROI3,A2,3
2,71.0,3,"/mnt/z/James/norbornene homopolymerization/same_mechanics/241215_123915_jg_ve_norha_mw_encapsulation_mech_match_liveDead_peg_10k/241215_124157_Plate 1/#24B2362280_ZProj/A2ROI3_-2_2_1_ZProj[Confocal TRITC 556,600]_001.tif",/mnt/z/James/norbornene homopolymerization/same_mechanics/241215_123915_jg_ve_norha_mw_encapsulation_mech_match_liveDead_peg_10k/241215_124157_Plate 1/#24B2362280_ZProj/A2ROI3,A2,3
